심화행동라벨,시도,시군구,예측분류,투자검토분류,상승확률점수,투자적합성점수,price_12m_change_pct,trade_recovery_pct,recent_jeonse_ratio_3m,recent_jeonse_share_3m,recent_wolse_share_3m,sale_turn_ym,jeonse_turn_ym,lead_lag_months,임차수요기반양호,월세비중높음,임차선행,기다림필요,임차검증메모
관찰 유지,경기도,용인시 기흥구,상승,판단 보류,64.23371396788775,89.95544446859378,11.539354156978664,63.27526132404182,66.885,68.62745098039215,31.372549019607842,202310,202311,1.0,아니오,아니오,아니오,예,"전세가율 66.9%, 월세비중 31.4%, 매매가 전세보다 1개월 선행"
관찰 유지,경기도,구리시,상승,판단 보류,63.6309763151771,65.55102084624652,3.9288916790700457,106.80851063829788,62.43,79.94791666666667,20.052083333333332,202309,202311,2.0,아니오,아니오,아니오,예,"전세가율 62.4%, 월세비중 20.1%, 매매가 전세보다 2개월 선행"
관찰 유지,경상남도,창원시 성산구,상승,판단 보류,60.01893623283346,77.14192566833296,5.592514606571042,38.96713615023475,68.84,70.3125,29.6875,202311,202311,0.0,예,아니오,예,아니오,"전세가율 68.8%, 월세비중 29.7%, 전세와 매매 전환 시점이 거의 동시, 임차 수요 기반 양호, 임차 선행"
관찰 유지,서울특별시,서대문구,상승,우선 검토,59.84967874838474,70.14342024412299,-9.308362669407131,-5.321782178217827,51.815,69.27835051546391,30.721649484536083,202309,202311,2.0,아니오,아니오,아니오,예,"전세가율 51.8%, 월세비중 30.7%, 매매가 전세보다 2개월 선행"
관찰 유지,경기도,의정부시,상승,우선 검토,59.789935786364715,79.54076006021235,3.284566927876176,-7.230046948356805,70.6,66.6015625,33.3984375,202309,202311,2.0,아니오,아니오,아니오,예,"전세가율 70.6%, 월세비중 33.4%, 매매가 전세보다 2개월 선행"
관찰 유지,대전광역시,유성구,상승,판단 보류,59.47470712863071,81.89588414756857,15.79831828491278,23.84615384615385,69.65,69.86817325800376,30.131826741996232,202309,202310,1.0,아니오,아니오,아니오,예,"전세가율 69.7%, 월세비중 30.1%, 매매가 전세보다 1개월 선행"
관찰 유지,경기도,수원시 권선구,상승,판단 보류,59.35170316359453,75.2836339926103,-3.7157913449887614,36.96741854636591,65.12,34.81624758220503,65.18375241779498,202310,202311,1.0,아니오,예,아니오,예,"전세가율 65.1%, 월세비중 65.2%, 매매가 전세보다 1개월 선행, 월세 비중 높음"
관찰 유지,경상남도,김해시,상승,우선 검토,58.702606981917995,73.14282187715499,1.321792841810021,-2.178649237472763,80.85,55.22875816993464,44.77124183006536,202312,202311,-1.0,아니오,예,예,예,"전세가율 80.8%, 월세비중 44.8%, 전세가 매매보다 1개월 선행, 월세 비중 높음, 임차 선행"
관찰 유지,대전광역시,서구,상승,판단 보류,57.66573095725576,82.29630702933608,4.744061177580305,26.028481012658222,68.155,65.97774244833069,34.02225755166932,202310,202310,0.0,아니오,아니오,예,예,"전세가율 68.2%, 월세비중 34.0%, 전세와 매매 전환 시점이 거의 동시, 임차 선행"
관찰 유지,대구광역시,북구,상승,판단 보류,56.51126978879879,77.72325393567152,17.90678381024915,14.234556848701876,73.08,61.076604554865426,38.923395445134574,202312,202404,4.0,아니오,아니오,아니오,예,"전세가율 73.1%, 월세비중 38.9%, 매매가 전세보다 4개월 선행"
관찰 유지,경기도,화성시 동탄구,상승,판단 보류,56.41453754998251,91.82242990654206,7.913725597880528,65.881708652793,56.65,58.173395102581075,41.826604897418925,202308,,,아니오,예,아니오,예,"전세가율 56.6%, 월세비중 41.8%, 월세 비중 높음"
관찰 유지,부산광역시,해운대구,상승,우선 검토,56.01291844039832,82.74733619368844,12.761502356015695,31.42523364485981,53.76,58.985200845665965,41.014799154334035,202311,202312,1.0,아니오,예,아니오,예,"전세가율 53.8%, 월세비중 41.0%, 매매가 전세보다 1개월 선행, 월세 비중 높음"
관찰 유지,울산광역시,남구,상승,판단 보류,55.47916189000425,79.03488506256019,18.557616862488025,8.116627265563437,68.75,71.42857142857143,28.571428571428573,202311,202310,-1.0,예,아니오,예,아니오,"전세가율 68.8%, 월세비중 28.6%, 전세가 매매보다 1개월 선행, 임차 수요 기반 양호, 임차 선행"
관찰 유지,대구광역시,수성구,상승,판단 보류,55.364861822150175,86.59242086395602,28.384741833084504,24.096385542168687,54.5,64.09883720930233,35.901162790697676,202309,202411,14.0,아니오,아니오,아니오,예,"전세가율 54.5%, 월세비중 35.9%, 매매가 전세보다 14개월 선행"
관찰 유지,경기도,남양주시,상승,판단 보류,55.1960296685195,86.68931338061238,26.544013102102525,27.51855779427359,70.83,76.23574144486692,23.76425855513308,202310,202310,0.0,예,아니오,예,아니오,"전세가율 70.8%, 월세비중 23.8%, 전세와 매매 전환 시점이 거의 동시, 임차 수요 기반 양호, 임차 선행"
관찰 유지,경기도,광명시,보합,판단 보류,54.79195333198305,76.27673533128869,4.229830849859706,10.26315789473684,54.44,76.64670658682634,23.353293413173652,202309,202310,1.0,아니오,아니오,아니오,예,"전세가율 54.4%, 월세비중 23.4%, 매매가 전세보다 1개월 선행"
관찰 유지,대구광역시,달서구,보합,판단 보류,54.25451953659362,83.8839382742882,5.588566761470837,11.472982975573643,63.22,50.34168564920273,49.65831435079727,202308,202308,0.0,아니오,예,예,예,"전세가율 63.2%, 월세비중 49.7%, 전세와 매매 전환 시점이 거의 동시, 월세 비중 높음, 임차 선행"
관찰 유지,전북특별자치도,전주시 덕진구,보합,판단 보류,53.6510769481511,71.52901543142795,8.70166076946617,-1.8231540565177728,78.055,67.11111111111111,32.888888888888886,202311,202310,-1.0,아니오,아니오,예,예,"전세가율 78.1%, 월세비중 32.9%, 전세가 매매보다 1개월 선행, 임차 선행"
관찰 유지,인천광역시,연수구,보합,우선 검토,53.392777803431045,88.82690558413226,-2.3991220860798745,-1.151079136690647,58.29,65.2641878669276,34.73581213307241,202310,202310,0.0,아니오,아니오,아니오,예,"전세가율 58.3%, 월세비중 34.7%, 전세와 매매 전환 시점이 거의 동시"
관찰 유지,경기도,고양시 일산서구,보합,우선 검토,52.16420389543191,61.07259291458378,0.1434921806042544,-14.548238897396626,75.73,70.28571428571429,29.714285714285715,202312,202312,0.0,예,아니오,예,아니오,"전세가율 75.7%, 월세비중 29.7%, 전세와 매매 전환 시점이 거의 동시, 임차 수요 기반 양호, 임차 선행"
관찰 유지,경기도,화성시 병점구,보합,판단 보류,52.104200809847285,67.70919365355358,18.489545492684776,24.36472346786247,70.38,52.97029702970297,47.02970297029703,202310,,,아니오,예,아니오,예,"전세가율 70.4%, 월세비중 47.0%, 월세 비중 높음"
관찰 유지,충청남도,천안시 서북구,보합,우선 검토,51.49842638348911,66.60399913062378,11.245352950296294,-4.9056603773584895,79.04,60.60606060606061,39.39393939393939,202312,202312,0.0,아니오,아니오,예,예,"전세가율 79.0%, 월세비중 39.4%, 전세와 매매 전환 시점이 거의 동시, 임차 선행"
관찰 유지,울산광역시,울주군,보합,우선 검토,51.419481843312425,59.89241469245816,20.86059580830113,-0.6015037593984918,78.21,57.82312925170068,42.17687074829932,202311,202309,-2.0,아니오,예,예,예,"전세가율 78.2%, 월세비중 42.2%, 전세가 매매보다 2개월 선행, 월세 비중 높음, 임차 선행"
관찰 유지,충청북도,청주시 상당구,보합,우선 검토,50.71283028018689,62.2201695283634,8.6433939114843,-17.48166259168704,86.195,65.54054054054055,34.45945945945946,202311,202310,-1.0,아니오,아니오,예,예,"전세가율 86.2%, 월세비중 34.5%, 전세가 매매보다 1개월 선행, 임차 선행"
관찰 유지,서울특별시,강서구,보합,판단 보류,49.71092208770559,84.69052621410805,9.631063390717888,4.31034482758621,52.33,68.38709677419355,31.612903225806452,202312,202311,-1.0,아니오,아니오,아니오,예,"전세가율 52.3%, 월세비중 31.6%, 전세가 매매보다 1개월 선행"
관찰 유지,서울특별시,영등포구,보합,판단 보류,49.29736844171215,81.6795060655091,4.360261295121748,-19.981149858623937,44.33,68.57562408223201,31.42437591776799,202310,202311,1.0,아니오,아니오,아니오,예,"전세가율 44.3%, 월세비중 31.4%, 매매가 전세보다 1개월 선행"
관찰 유지,서울특별시,노원구,보합,판단 보류,49.16069831407204,86.5545064009166,3.188169743676706,3.5264483627204024,58.055,71.67630057803468,28.32369942196532,202310,202301,-9.0,아니오,아니오,아니오,예,"전세가율 58.1%, 월세비중 28.3%, 전세가 매매보다 9개월 선행"
관찰 유지,경기도,안산시 단원구,보합,판단 보류,48.38887102414509,64.82395131493153,14.61056789665416,2.529182879377423,61.87,75.0,25.0,202310,202310,0.0,아니오,아니오,예,예,"전세가율 61.9%, 월세비중 25.0%, 전세와 매매 전환 시점이 거의 동시, 임차 선행"
관찰 유지,전북특별자치도,전주시 완산구,보합,우선 검토,47.263097895314814,67.09084981525756,16.180507321551694,-2.3126734505087843,81.02,26.631853785900784,73.36814621409921,202311,202309,-2.0,아니오,예,예,예,"전세가율 81.0%, 월세비중 73.4%, 전세가 매매보다 2개월 선행, 월세 비중 높음, 임차 선행"
관찰 유지,서울특별시,성북구,보합,판단 보류,46.54279422032359,79.31869346706702,14.069877242681784,6.877113866967299,56.855000000000004,65.27196652719665,34.72803347280335,202310,202311,1.0,아니오,아니오,아니오,예,"전세가율 56.9%, 월세비중 34.7%, 매매가 전세보다 1개월 선행"
관찰 유지,경기도,고양시 덕양구,보합,판단 보류,46.15236784599292,85.3097152792871,21.19519018439251,7.642124883504198,65.86,48.946360153256705,51.053639846743295,202310,202310,0.0,아니오,예,예,예,"전세가율 65.9%, 월세비중 51.1%, 전세와 매매 전환 시점이 거의 동시, 월세 비중 높음, 임차 선행"
관찰 유지,서울특별시,송파구,보합,우선 검토,45.890282138533586,92.44112256863107,-17.48452626523416,-17.948717948717952,37.69,60.63988095238095,39.36011904761905,202308,202310,2.0,아니오,아니오,아니오,예,"전세가율 37.7%, 월세비중 39.4%, 매매가 전세보다 2개월 선행"
관찰 유지,서울특별시,동작구,보합,판단 보류,45.56464312432728,77.14463576087861,10.078771702503708,-38.05460750853242,46.19,65.8357771260997,34.16422287390029,202312,202312,0.0,아니오,아니오,아니오,예,"전세가율 46.2%, 월세비중 34.2%, 전세와 매매 전환 시점이 거의 동시"
관찰 유지,경기도,수원시 영통구,보합,판단 보류,45.24433269881055,88.340578135188,19.126083650889836,-3.749999999999998,64.78999999999999,65.57059961315281,34.42940038684719,202309,202310,1.0,아니오,아니오,아니오,예,"전세가율 64.8%, 월세비중 34.4%, 매매가 전세보다 1개월 선행"
관찰 유지,경기도,용인시 수지구,하락,우선 검토,44.500445257772896,93.69702238643772,9.899045460770584,-14.413909141895688,61.2,71.06824925816024,28.931750741839764,202308,202309,1.0,아니오,아니오,아니오,예,"전세가율 61.2%, 월세비중 28.9%, 매매가 전세보다 1개월 선행"
관찰 유지,경기도,수원시 팔달구,하락,판단 보류,42.46257674798368,67.41360573788307,33.480100831571136,6.823529411764695,59.099999999999994,73.046875,26.953125,202310,202312,2.0,아니오,아니오,아니오,예,"전세가율 59.1%, 월세비중 27.0%, 매매가 전세보다 2개월 선행"
관찰 유지,충청북도,청주시 흥덕구,하락,판단 보류,41.559195358647784,74.57726581178005,23.58849846970077,-4.671968190854869,75.78999999999999,77.47747747747748,22.52252252252252,202309,202310,1.0,예,아니오,아니오,아니오,"전세가율 75.8%, 월세비중 22.5%, 매매가 전세보다 1개월 선행, 임차 수요 기반 양호"
관찰 유지,서울특별시,관악구,하락,판단 보류,41.092688197586064,64.16152151571988,13.642929371505751,6.144067796610164,54.905,59.84555984555985,40.15444015444015,202310,202308,-2.0,아니오,예,아니오,예,"전세가율 54.9%, 월세비중 40.2%, 전세가 매매보다 2개월 선행, 월세 비중 높음"
관찰 유지,경기도,안양시 동안구,하락,판단 보류,40.47806369279603,84.39252336448598,13.305662827477116,-17.89772727272727,56.52,77.34204793028323,22.657952069716774,202310,202312,2.0,아니오,아니오,아니오,예,"전세가율 56.5%, 월세비중 22.7%, 매매가 전세보다 2개월 선행"
관찰 유지,경기도,성남시 수정구,하락,판단 보류,39.57215682365172,71.38665507498371,28.160808422187532,13.480392156862742,46.37,64.05693950177935,35.94306049822064,202309,202308,-1.0,아니오,아니오,아니오,예,"전세가율 46.4%, 월세비중 35.9%, 전세가 매매보다 1개월 선행"
관찰 유지,경기도,하남시,하락,판단 보류,38.31189934282322,85.95023626103826,16.13426470972974,-1.9776440240756643,54.540000000000006,54.876462938881666,45.123537061118334,202310,202310,0.0,아니오,예,아니오,예,"전세가율 54.5%, 월세비중 45.1%, 전세와 매매 전환 시점이 거의 동시, 월세 비중 높음"
관찰 유지,경기도,수원시 장안구,하락,판단 보류,37.86485557090436,64.60552053901326,28.89697375623923,-14.28571428571429,63.53,73.81818181818181,26.181818181818183,202310,202401,3.0,아니오,아니오,아니오,예,"전세가율 63.5%, 월세비중 26.2%, 매매가 전세보다 3개월 선행"
관찰 유지,인천광역시,서구,하락,판단 보류,37.44476305275419,90.85094222673008,47.01850195070991,4.997060552616106,62.14,59.316770186335404,40.683229813664596,202311,202310,-1.0,아니오,예,예,예,"전세가율 62.1%, 월세비중 40.7%, 전세가 매매보다 1개월 선행, 월세 비중 높음, 임차 선행"
관찰 유지,경기도,오산시,하락,판단 보류,37.073447119540816,66.60012182000156,35.00044081567637,-4.545454545454541,70.445,60.36036036036036,39.63963963963964,202311,202311,0.0,아니오,아니오,예,예,"전세가율 70.4%, 월세비중 39.6%, 전세와 매매 전환 시점이 거의 동시, 임차 선행"
관찰 유지,세종특별자치시,세종시,하락,판단 보류,36.90969829839238,90.05065994778376,15.7955104414651,-24.41099476439791,44.5,64.07582938388626,35.92417061611374,202308,202310,2.0,아니오,아니오,아니오,예,"전세가율 44.5%, 월세비중 35.9%, 매매가 전세보다 2개월 선행"
관찰 유지,충청북도,청주시 청원구,하락,판단 보류,36.82566160472553,54.542490762877634,34.498102355189616,-8.04387568555759,83.8,66.17647058823529,33.8235294117647,202310,202309,-1.0,아니오,아니오,예,예,"전세가율 83.8%, 월세비중 33.8%, 전세가 매매보다 1개월 선행, 임차 선행"
관찰 유지,서울특별시,광진구,하락,판단 보류,36.178496900425955,60.59211497232218,15.428414399560308,-33.45521023765996,38.239999999999995,65.47619047619048,34.523809523809526,202308,202311,3.0,아니오,아니오,아니오,예,"전세가율 38.2%, 월세비중 34.5%, 매매가 전세보다 3개월 선행"
관찰 유지,서울특별시,성동구,하락,판단 보류,34.90605967265328,75.20093592106923,17.768251858772864,-44.506517690875235,38.84,61.10304789550072,38.89695210449928,202312,202311,-1.0,아니오,아니오,아니오,예,"전세가율 38.8%, 월세비중 38.9%, 전세가 매매보다 1개월 선행"
관찰 유지,경기도,성남시 분당구,하락,우선 검토,31.27180240865483,89.99456639860901,23.78605455616556,-37.824675324675326,39.58,65.76763485477179,34.232365145228215,202307,202311,4.0,아니오,아니오,아니오,예,"전세가율 39.6%, 월세비중 34.2%, 매매가 전세보다 4개월 선행"
관찰 유지,경기도,과천시,하락,판단 보류,29.205292684603908,47.10307206431238,21.149895316048735,-62.20095693779905,42.71,67.10526315789474,32.89473684210526,202308,202310,2.0,아니오,아니오,아니오,예,"전세가율 42.7%, 월세비중 32.9%, 매매가 전세보다 2개월 선행"
보수 접근,경상남도,창원시 의창구,상승,판단 보류,68.14926460233143,50.574875027168005,8.25371730260127,35.128805620608894,78.57,62.22222222222222,37.77777777777778,202311,202311,0.0,아니오,아니오,예,예,"전세가율 78.6%, 월세비중 37.8%, 전세와 매매 전환 시점이 거의 동시, 임차 선행"
보수 접근,부산광역시,사하구,상승,판단 보류,61.02547257802345,53.65739063703274,7.9188035847278515,23.92857142857143,75.07,49.43396226415094,50.56603773584906,202311,202403,4.0,아니오,예,아니오,예,"전세가율 75.1%, 월세비중 50.6%, 매매가 전세보다 4개월 선행, 월세 비중 높음"
보수 접근,광주광역시,서구,상승,판단 보류,57.05085845087924,64.32310742967847,4.0841696854031495,12.84109149277688,72.0,73.07692307692308,26.923076923076923,202311,202311,0.0,예,아니오,예,아니오,"전세가율 72.0%, 월세비중 26.9%, 전세와 매매 전환 시점이 거의 동시, 임차 수요 기반 양호, 임차 선행"
보수 접근,경상남도,창원시 마산합포구,상승,판단 보류,56.86601395475425,52.90915018474245,21.411447231711335,28.131868131868146,81.69,78.16091954022988,21.839080459770116,202311,202309,-2.0,예,아니오,예,아니오,"전세가율 81.7%, 월세비중 21.8%, 전세가 매매보다 2개월 선행, 임차 수요 기반 양호, 임차 선행"
보수 접근,경기도,용인시 처인구,상승,판단 보류,56.572270942812246,61.07367963486198,15.875118667684784,15.412186379928317,68.045,67.6300578034682,32.369942196531795,202310,202312,2.0,아니오,아니오,아니오,예,"전세가율 68.0%, 월세비중 32.4%, 매매가 전세보다 2개월 선행"
보수 접근,부산광역시,수영구,상승,판단 보류,56.380588279535075,58.76516377277081,-10.264669031949856,37.77292576419213,52.87,58.70445344129555,41.29554655870445,202309,202312,3.0,아니오,예,아니오,예,"전세가율 52.9%, 월세비중 41.3%, 매매가 전세보다 3개월 선행, 월세 비중 높음"
보수 접근,부산광역시,남구,상승,판단 보류,56.36283537991267,66.59019375820071,9.54357931161567,40.03690036900369,64.16,70.58823529411765,29.41176470588235,202310,202312,2.0,아니오,아니오,아니오,예,"전세가율 64.2%, 월세비중 29.4%, 매매가 전세보다 2개월 선행"
보수 접근,경기도,부천시 소사구,상승,판단 보류,56.35800883268378,61.80286894153445,4.222634719669038,6.960556844547572,68.13499999999999,72.89719626168224,27.102803738317757,202310,202310,0.0,예,아니오,예,아니오,"전세가율 68.1%, 월세비중 27.1%, 전세와 매매 전환 시점이 거의 동시, 임차 수요 기반 양호, 임차 선행"
보수 접근,서울특별시,은평구,상승,판단 보류,55.90534058321049,71.48491605421258,7.825465156176548,18.135593220338976,59.0,75.95628415300547,24.043715846994534,202310,202311,1.0,아니오,아니오,아니오,예,"전세가율 59.0%, 월세비중 24.0%, 매매가 전세보다 1개월 선행"
보수 접근,경기도,성남시 중원구,상승,판단 보류,55.90336688708817,64.04259943490545,-3.7750124950145625,9.348441926345608,54.115,73.09941520467837,26.900584795321638,202308,202309,1.0,아니오,아니오,아니오,예,"전세가율 54.1%, 월세비중 26.9%, 매매가 전세보다 1개월 선행"
보수 접근,경상남도,양산시,상승,판단 보류,55.85038461584567,61.74838534832739,11.383923434648093,16.02687140115162,72.21000000000001,62.29802513464991,37.70197486535009,202401,202312,-1.0,아니오,아니오,예,예,"전세가율 72.2%, 월세비중 37.7%, 전세가 매매보다 1개월 선행, 임차 선행"
보수 접근,인천광역시,계양구,상승,판단 보류,55.55771811642872,50.228130760623706,-4.312372508783557,-12.416851441241684,72.41,67.89473684210526,32.10526315789474,202401,202312,-1.0,아니오,아니오,예,예,"전세가율 72.4%, 월세비중 32.1%, 전세가 매매보다 1개월 선행, 임차 선행"
보수 접근,경상북도,구미시,보합,판단 보류,54.961387317206686,64.34570047842526,5.4501259279662095,-0.0778816199376919,81.15,42.28486646884273,57.71513353115727,202311,,,아니오,예,아니오,예,"전세가율 81.2%, 월세비중 57.7%, 월세 비중 높음"
보수 접근,경기도,안산시 상록구,보합,판단 보류,54.43388131733893,50.14670723755705,4.1955533771958375,9.880239520958089,64.00999999999999,76.41509433962264,23.58490566037736,202312,202310,-2.0,아니오,아니오,예,예,"전세가율 64.0%, 월세비중 23.6%, 전세가 매매보다 2개월 선행, 임차 선행"
보수 접근,대전광역시,중구,보합,판단 보류,54.202350871920984,51.66311134723798,-4.869465997857947,24.705882352941178,72.11500000000001,59.24657534246575,40.75342465753425,202311,202309,-2.0,아니오,예,예,예,"전세가율 72.1%, 월세비중 40.8%, 전세가 매매보다 2개월 선행, 월세 비중 높음, 임차 선행"
보수 접근,울산광역시,중구,보합,판단 보류,53.911808506700275,57.24321873130103,23.468641410115932,0.0,69.91,58.70967741935484,41.29032258064516,202309,202312,3.0,아니오,예,아니오,예,"전세가율 69.9%, 월세비중 41.3%, 매매가 전세보다 3개월 선행, 월세 비중 높음"
보수 접근,부산광역시,금정구,보합,판단 보류,53.86140289545315,55.48265138281801,11.727705930746236,33.59173126614987,69.21,64.70588235294117,35.294117647058826,202310,202312,2.0,아니오,아니오,아니오,예,"전세가율 69.2%, 월세비중 35.3%, 매매가 전세보다 2개월 선행"
보수 접근,서울특별시,강동구,보합,판단 보류,52.802186655045496,88.84359546099749,1.783618284185806,-21.684053651266765,42.07,68.04232804232804,31.95767195767196,202308,202311,3.0,아니오,아니오,아니오,예,"전세가율 42.1%, 월세비중 32.0%, 매매가 전세보다 3개월 선행"
보수 접근,경기도,광주시,보합,판단 보류,52.60303746017209,65.15676946235521,12.801602528930143,4.665959703075284,71.66,73.37526205450733,26.62473794549266,202311,202311,0.0,예,아니오,예,아니오,"전세가율 71.7%, 월세비중 26.6%, 전세와 매매 전환 시점이 거의 동시, 임차 수요 기반 양호, 임차 선행"
보수 접근,경기도,파주시,보합,판단 보류,52.363873566515785,77.63290857328387,4.729586251964202,-3.154305200341001,72.06,63.63636363636363,36.36363636363637,202312,202310,-2.0,아니오,아니오,예,예,"전세가율 72.1%, 월세비중 36.4%, 전세가 매매보다 2개월 선행, 임차 선행"
보수 접근,경기도,양주시,보합,판단 보류,52.32119450221225,62.39226040501126,-10.633266859002976,-5.064935064935061,67.71000000000001,32.5437693099897,67.4562306900103,202310,202311,1.0,아니오,예,아니오,예,"전세가율 67.7%, 월세비중 67.5%, 매매가 전세보다 1개월 선행, 월세 비중 높음"
보수 접근,경기도,고양시 일산동구,보합,판단 보류,52.25676450343449,59.12193001521408,12.042875421398524,5.938242280285033,75.12,62.95503211991435,37.04496788008565,202311,202311,0.0,아니오,아니오,예,예,"전세가율 75.1%, 월세비중 37.0%, 전세와 매매 전환 시점이 거의 동시, 임차 선행"
보수 접근,서울특별시,구로구,보합,판단 보류,51.90026233615893,76.45256935556147,-0.7602597418330803,-3.452855245683928,56.515,61.98934280639432,38.01065719360568,202309,202311,2.0,아니오,아니오,아니오,예,"전세가율 56.5%, 월세비중 38.0%, 매매가 전세보다 2개월 선행"
보수 접근,전북특별자치도,군산시,보합,판단 보류,51.7745825875305,50.35402931729817,28.847301961867,-7.267441860465118,85.775,66.35220125786164,33.64779874213836,202401,202402,1.0,아니오,아니오,아니오,예,"전세가율 85.8%, 월세비중 33.6%, 매매가 전세보다 1개월 선행"
보수 접근,대구광역시,달성군,보합,판단 보류,51.75512157994592,52.864594653336226,3.2477086024572666,8.962868117797695,73.675,38.81748071979435,61.18251928020565,202311,202311,0.0,아니오,예,예,예,"전세가율 73.7%, 월세비중 61.2%, 전세와 매매 전환 시점이 거의 동시, 월세 비중 높음, 임차 선행"
보수 접근,서울특별시,동대문구,보합,판단 보류,51.69461824593217,73.84784842801217,16.91669864541605,10.187667560321724,52.19,62.93859649122807,37.06140350877193,202310,202312,2.0,아니오,아니오,아니오,예,"전세가율 52.2%, 월세비중 37.1%, 매매가 전세보다 2개월 선행"
보수 접근,경기도,평택시,보합,판단 보류,51.56310699023732,78.33825711533457,-7.541882803652866,-4.8071216617210695,72.22,48.99274778404512,51.00725221595488,202311,202311,0.0,아니오,예,예,예,"전세가율 72.2%, 월세비중 51.0%, 전세와 매매 전환 시점이 거의 동시, 월세 비중 높음, 임차 선행"
보수 접근,울산광역시,북구,보합,판단 보류,51.35454447013127,65.35892626669994,11.241651432102008,4.31192660550459,77.04,69.0677966101695,30.93220338983051,202312,202312,0.0,아니오,아니오,예,예,"전세가율 77.0%, 월세비중 30.9%, 전세와 매매 전환 시점이 거의 동시, 임차 선행"
보수 접근,경기도,김포시,보합,판단 보류,51.262120986216615,80.71728904881118,1.4944451293000591,-13.303099017384737,71.23,60.06224066390042,39.93775933609958,202310,202311,1.0,아니오,아니오,아니오,예,"전세가율 71.2%, 월세비중 39.9%, 매매가 전세보다 1개월 선행"
보수 접근,대구광역시,중구,보합,판단 보류,51.15000395467897,55.66935260987279,15.538866914672568,55.81896551724137,51.56,68.87254901960785,31.127450980392158,202308,202312,4.0,아니오,아니오,아니오,예,"전세가율 51.6%, 월세비중 31.1%, 매매가 전세보다 4개월 선행"
보수 접근,광주광역시,북구,보합,판단 보류,50.882016278748495,80.49463213847768,8.510808913895062,-6.155143338954472,71.68,65.56962025316456,34.43037974683544,202312,202309,-3.0,아니오,아니오,예,예,"전세가율 71.7%, 월세비중 34.4%, 전세가 매매보다 3개월 선행, 임차 선행"
보수 접근,경기도,시흥시,보합,판단 보류,50.58319629195921,88.61433773119639,5.059182460556255,2.2382094324540303,65.2,58.77689694224235,41.22310305775765,202309,202308,-1.0,아니오,예,예,예,"전세가율 65.2%, 월세비중 41.2%, 전세가 매매보다 1개월 선행, 월세 비중 높음, 임차 선행"
보수 접근,서울특별시,양천구,보합,판단 보류,50.395126271377144,81.10813269257086,-12.919752334663304,-15.542857142857148,48.39,69.12850812407682,30.87149187592319,202308,202311,3.0,아니오,아니오,아니오,예,"전세가율 48.4%, 월세비중 30.9%, 매매가 전세보다 3개월 선행"
보수 접근,대구광역시,동구,보합,판단 보류,47.041236036530826,73.29104515658163,22.555562745809745,17.677824267782416,65.82,54.7085201793722,45.2914798206278,202312,202403,3.0,아니오,예,아니오,예,"전세가율 65.8%, 월세비중 45.3%, 매매가 전세보다 3개월 선행, 월세 비중 높음"
보수 접근,경기도,의왕시,보합,판단 보류,46.7563780552682,61.866717111953655,3.407540491320904,-15.161290322580644,61.155,76.79012345679013,23.209876543209877,202311,202312,1.0,아니오,아니오,아니오,예,"전세가율 61.2%, 월세비중 23.2%, 매매가 전세보다 1개월 선행"
보수 접근,경기도,화성시 만세구,보합,판단 보류,46.41759977910379,54.320799826124755,-0.9447562622419304,-7.578947368421051,66.67,80.41666666666667,19.583333333333332,202310,,,예,아니오,아니오,아니오,"전세가율 66.7%, 월세비중 19.6%, 임차 수요 기반 양호"
보수 접근,서울특별시,중랑구,보합,판단 보류,46.28108302318053,61.60185252266683,5.568643820561281,13.221153846153854,62.055,76.89655172413794,23.103448275862068,202310,202301,-9.0,아니오,아니오,예,예,"전세가율 62.1%, 월세비중 23.1%, 전세가 매매보다 9개월 선행, 임차 선행"
보수 접근,서울특별시,강북구,보합,판단 보류,46.02649670825421,50.86900056616785,11.425429489155302,16.603773584905657,62.465,71.81208053691275,28.187919463087248,202309,202301,-8.0,아니오,아니오,예,예,"전세가율 62.5%, 월세비중 28.2%, 전세가 매매보다 8개월 선행, 임차 선행"
보수 접근,서울특별시,도봉구,보합,판단 보류,45.61627373095082,60.71315682849407,-0.5645278126897191,-13.436123348017626,62.91,64.46991404011462,35.53008595988538,202310,202401,3.0,아니오,아니오,아니오,예,"전세가율 62.9%, 월세비중 35.5%, 매매가 전세보다 3개월 선행"
보수 접근,인천광역시,부평구,하락,판단 보류,42.673941164254614,75.5277569825132,16.85485017529995,-10.640732265446228,68.29,38.07339449541284,61.92660550458716,202311,202312,1.0,아니오,예,아니오,예,"전세가율 68.3%, 월세비중 61.9%, 매매가 전세보다 1개월 선행, 월세 비중 높음"
보수 접근,강원특별자치도,춘천시,하락,판단 보류,41.94668824657901,62.24878649568934,22.511753120827805,2.522935779816504,79.23,57.320872274143305,42.679127725856695,202302,202303,1.0,아니오,예,아니오,예,"전세가율 79.2%, 월세비중 42.7%, 매매가 전세보다 1개월 선행, 월세 비중 높음"
보수 접근,인천광역시,남동구,하락,판단 보류,41.66960137938819,77.47218130250805,8.188742083942092,-9.88553590010406,70.905,61.78010471204188,38.21989528795812,202310,202311,1.0,아니오,아니오,아니오,예,"전세가율 70.9%, 월세비중 38.2%, 매매가 전세보다 1개월 선행"
보수 접근,서울특별시,서초구,하락,판단 보류,40.67341120934155,76.89850032601609,-24.588869776839697,-47.59535655058043,36.019999999999996,54.62287104622871,45.37712895377129,202311,202311,0.0,아니오,예,아니오,예,"전세가율 36.0%, 월세비중 45.4%, 전세와 매매 전환 시점이 거의 동시, 월세 비중 높음"
보수 접근,서울특별시,마포구,하락,판단 보류,40.182437792684006,77.69086698812121,-3.6268898346573986,-39.9197592778335,44.85,62.283236994219656,37.716763005780344,202308,202311,3.0,아니오,아니오,아니오,예,"전세가율 44.9%, 월세비중 37.7%, 매매가 전세보다 3개월 선행"
보수 접근,서울특별시,강남구,하락,판단 보류,39.860019352453506,84.13291796469366,-31.955565299985256,-50.25062656641603,37.0,56.71506352087114,43.28493647912886,202310,202312,2.0,아니오,예,아니오,예,"전세가율 37.0%, 월세비중 43.3%, 매매가 전세보다 2개월 선행, 월세 비중 높음"
보수 접근,서울특별시,용산구,하락,판단 보류,38.60972621669972,54.48461284583866,-6.742837335074913,-11.627906976744184,38.18,64.57399103139014,35.426008968609864,202310,202302,-8.0,아니오,아니오,아니오,예,"전세가율 38.2%, 월세비중 35.4%, 전세가 매매보다 8개월 선행"
보수 접근,인천광역시,미추홀구,하락,판단 보류,37.49202592341813,63.39013794639383,8.273000297581623,-16.88500727802038,70.39,18.52731591448931,81.47268408551069,202312,202401,1.0,아니오,예,아니오,예,"전세가율 70.4%, 월세비중 81.5%, 매매가 전세보다 1개월 선행, 월세 비중 높음"
보수 접근,제주특별자치도,제주시,하락,판단 보류,36.83588786175123,50.151577354359354,8.462513604180511,0.7978723404255428,68.44,39.682539682539684,60.317460317460316,202311,202305,-6.0,아니오,예,예,예,"전세가율 68.4%, 월세비중 60.3%, 전세가 매매보다 6개월 선행, 월세 비중 높음, 임차 선행"
우선 매수 검토,경기도,부천시 원미구,상승,우선 검토,76.36272602698541,71.58117800478158,-7.968071197211457,43.61904761904762,66.815,73.88535031847134,26.11464968152866,202310,202312,2.0,예,아니오,아니오,아니오,"전세가율 66.8%, 월세비중 26.1%, 매매가 전세보다 2개월 선행, 임차 수요 기반 양호"
우선 매수 검토,경기도,안양시 만안구,상승,우선 검토,72.86635264118131,69.95761790915019,-4.626830353659406,41.93548387096775,66.78,76.13636363636364,23.863636363636363,202310,202311,1.0,예,아니오,아니오,아니오,"전세가율 66.8%, 월세비중 23.9%, 매매가 전세보다 1개월 선행, 임차 수요 기반 양호"
우선 매수 검토,부산광역시,북구,상승,우선 검토,71.82021514172854,63.4890429080098,1.8034374785806273,27.3031825795645,71.86,67.07818930041152,32.92181069958848,202408,202311,-9.0,아니오,아니오,예,아니오,"전세가율 71.9%, 월세비중 32.9%, 전세가 매매보다 9개월 선행, 임차 선행"
우선 매수 검토,경기도,군포시,상승,우선 검토,70.61334108802245,60.94061677413123,-0.242492112608883,29.79942693409743,67.41499999999999,80.12048192771084,19.879518072289155,202309,202312,3.0,예,아니오,아니오,아니오,"전세가율 67.4%, 월세비중 19.9%, 매매가 전세보다 3개월 선행, 임차 수요 기반 양호"
우선 매수 검토,강원특별자치도,원주시,상승,우선 검토,68.35884803210428,61.67336140023237,-9.398202678532485,4.244482173174879,78.65,71.94630872483222,28.053691275167786,202312,202308,-4.0,예,아니오,예,아니오,"전세가율 78.7%, 월세비중 28.1%, 전세가 매매보다 4개월 선행, 임차 수요 기반 양호, 임차 선행"
우선 매수 검토,광주광역시,광산구,상승,우선 검토,66.77026741253901,76.49222793756591,1.8929732492559248,1.9930675909878737,74.67,76.0914760914761,23.908523908523907,202312,202310,-2.0,예,아니오,예,아니오,"전세가율 74.7%, 월세비중 23.9%, 전세가 매매보다 2개월 선행, 임차 수요 기반 양호, 임차 선행"
우선 매수 검토,광주광역시,남구,상승,우선 검토,64.0732299765577,57.84598624560952,-0.1655620829663306,12.5,73.13,59.9236641221374,40.0763358778626,202312,202311,-1.0,아니오,예,예,아니오,"전세가율 73.1%, 월세비중 40.1%, 전세가 매매보다 1개월 선행, 월세 비중 높음, 임차 선행"
우선 매수 검토,부산광역시,동래구,상승,우선 검토,63.80000721360296,74.28041676393484,3.955355668946536,27.13097713097714,65.12,65.10538641686183,34.894613583138174,202311,202312,1.0,아니오,아니오,아니오,아니오,"전세가율 65.1%, 월세비중 34.9%, 매매가 전세보다 1개월 선행"
우선 매수 검토,부산광역시,연제구,상승,우선 검토,62.66877712407498,67.26709974482198,6.060033374845197,41.3978494623656,61.07,63.58974358974359,36.41025641025641,202311,202401,2.0,아니오,아니오,아니오,아니오,"전세가율 61.1%, 월세비중 36.4%, 매매가 전세보다 2개월 선행"
우선 매수 검토,부산광역시,부산진구,상승,우선 검토,61.42673818845638,73.2300546580051,-0.6441371242709271,36.51551312649164,68.97,61.59090909090909,38.40909090909091,202312,202311,-1.0,아니오,아니오,예,아니오,"전세가율 69.0%, 월세비중 38.4%, 전세가 매매보다 1개월 선행, 임차 선행"
우선 매수 검토,전라남도,순천시,상승,우선 검토,60.46148229207679,56.37794789645837,1.4808734731249995,13.997627520759192,80.405,68.01801801801801,31.98198198198198,202312,202309,-3.0,아니오,아니오,예,아니오,"전세가율 80.4%, 월세비중 32.0%, 전세가 매매보다 3개월 선행, 임차 선행"
우선 매수 검토,경상남도,진주시,상승,우선 검토,60.312233960630046,69.65986996922301,17.13205916002829,19.36444885799404,77.66,63.0188679245283,36.9811320754717,202311,202311,0.0,아니오,아니오,예,아니오,"전세가율 77.7%, 월세비중 37.0%, 전세와 매매 전환 시점이 거의 동시, 임차 선행"
회피,전라남도,목포시,상승,즉시 제외,69.05987786934796,42.94506561912198,8.272644071183999,15.91695501730104,83.33,90.9090909090909,9.090909090909092,202302,202308,6.0,예,아니오,아니오,아니오,"전세가율 83.3%, 월세비중 9.1%, 매매가 전세보다 6개월 선행, 임차 수요 기반 양호"
회피,전라남도,화순군,상승,즉시 제외,66.64759946263356,22.161486633340576,-19.194107380301872,10.44776119402986,74.92,100.0,0.0,202301,202304,3.0,예,아니오,아니오,아니오,"전세가율 74.9%, 월세비중 0.0%, 매매가 전세보다 3개월 선행, 임차 수요 기반 양호"
회피,강원특별자치도,태백시,상승,즉시 제외,66.52884456459765,2.5330242217875343,-8.664782044134455,0.0,,100.0,0.0,202303,,,아니오,아니오,아니오,아니오,월세비중 0.0%
회피,전북특별자치도,익산시,상승,즉시 제외,65.45291946533028,45.21405706220602,1.494073780327665,13.052208835341371,85.22999999999999,82.51599147121536,17.48400852878465,202312,202311,-1.0,예,아니오,예,아니오,"전세가율 85.2%, 월세비중 17.5%, 전세가 매매보다 1개월 선행, 임차 수요 기반 양호, 임차 선행"
회피,충청남도,홍성군,상승,즉시 제외,64.5761336121436,20.24668550315149,-1.1432518897457444,8.74125874125875,67.57,80.0,20.0,202601,202401,-24.0,예,아니오,예,아니오,"전세가율 67.6%, 월세비중 20.0%, 전세가 매매보다 24개월 선행, 임차 수요 기반 양호, 임차 선행"
회피,경상남도,밀양시,상승,즉시 제외,64.29310197514339,16.615845723286135,-16.291937782538433,10.98265895953756,78.85,21.05263157894737,78.94736842105263,202301,202301,0.0,아니오,예,예,아니오,"전세가율 78.8%, 월세비중 78.9%, 전세와 매매 전환 시점이 거의 동시, 월세 비중 높음, 임차 선행"
회피,울산광역시,동구,상승,즉시 제외,62.65097423582392,42.13372830919741,1.6960316366128936,2.19780219780219,77.795,61.53846153846154,38.46153846153846,202311,202403,4.0,아니오,아니오,아니오,아니오,"전세가율 77.8%, 월세비중 38.5%, 매매가 전세보다 4개월 선행"
회피,충청남도,서산시,상승,즉시 제외,62.00858007173613,35.056254544771534,-2.5097382336591867,9.671532846715335,85.78,74.39759036144578,25.602409638554217,202403,202312,-3.0,예,아니오,예,아니오,"전세가율 85.8%, 월세비중 25.6%, 전세가 매매보다 3개월 선행, 임차 수요 기반 양호, 임차 선행"
회피,부산광역시,서구,상승,즉시 제외,61.99556908993187,40.383572009305546,-9.347170537001135,27.118644067796605,70.01,71.42857142857143,28.571428571428573,202312,202312,0.0,예,아니오,예,아니오,"전세가율 70.0%, 월세비중 28.6%, 전세와 매매 전환 시점이 거의 동시, 임차 수요 기반 양호, 임차 선행"
회피,전북특별자치도,김제시,상승,즉시 제외,61.53637394921698,8.807156790928435,-6.193214176689765,8.92857142857142,87.5,83.33333333333333,16.666666666666668,202403,202311,-4.0,예,아니오,예,아니오,"전세가율 87.5%, 월세비중 16.7%, 전세가 매매보다 4개월 선행, 임차 수요 기반 양호, 임차 선행"
회피,충청북도,음성군,상승,즉시 제외,59.96091747089661,14.19582699413171,-5.674277141702044,19.11764705882353,61.915,55.65217391304348,44.34782608695652,,202302,,아니오,예,아니오,아니오,"전세가율 61.9%, 월세비중 44.3%, 월세 비중 높음"
회피,충청남도,당진시,상승,즉시 제외,59.82675190528257,31.11272106707881,-5.5640283194324125,3.584905660377369,82.68,65.88628762541806,34.11371237458194,202403,202401,-2.0,아니오,아니오,예,아니오,"전세가율 82.7%, 월세비중 34.1%, 전세가 매매보다 2개월 선행, 임차 선행"
회피,경상남도,사천시,상승,즉시 제외,59.55735375179998,13.800676718158426,-6.48366764400391,1.6949152542372836,81.00999999999999,56.493506493506494,43.506493506493506,202301,202401,12.0,아니오,예,아니오,아니오,"전세가율 81.0%, 월세비중 43.5%, 매매가 전세보다 12개월 선행, 월세 비중 높음"
회피,강원특별자치도,고성군,상승,즉시 제외,59.26031779939269,16.454031732232124,-14.767843542064508,63.63636363636365,70.59,63.63636363636363,36.36363636363637,202302,202312,10.0,아니오,아니오,아니오,아니오,"전세가율 70.6%, 월세비중 36.4%, 매매가 전세보다 10개월 선행"
회피,충청북도,보은군,상승,즉시 제외,58.87218036903592,3.492718974136057,-10.613262164986304,19.047619047619047,,,,202301,,,아니오,아니오,아니오,아니오,
회피,충청남도,논산시,상승,즉시 제외,58.263920198102674,15.769733364459148,3.4490325406776767,-7.14285714285714,78.85,90.9090909090909,9.090909090909092,202302,202301,-1.0,예,아니오,예,아니오,"전세가율 78.8%, 월세비중 9.1%, 전세가 매매보다 1개월 선행, 임차 수요 기반 양호, 임차 선행"
회피,전라남도,무안군,상승,즉시 제외,57.94044746515267,31.92349489241469,16.300575216321135,4.79041916167664,84.22,63.63636363636363,36.36363636363637,202408,202311,-9.0,아니오,아니오,예,아니오,"전세가율 84.2%, 월세비중 36.4%, 전세가 매매보다 9개월 선행, 임차 선행"
회피,경상남도,거창군,상승,즉시 제외,57.92165386544635,18.41664855466203,32.97614343910513,33.74999999999999,86.96,63.63636363636363,36.36363636363637,202403,202302,-13.0,아니오,아니오,예,아니오,"전세가율 87.0%, 월세비중 36.4%, 전세가 매매보다 13개월 선행, 임차 선행"
회피,경상북도,경산시,상승,즉시 제외,57.15101648028249,49.16070312143629,-10.096702144213932,7.585139318885448,69.27,76.24190064794817,23.758099352051836,202502,202408,-6.0,예,아니오,예,아니오,"전세가율 69.3%, 월세비중 23.8%, 전세가 매매보다 6개월 선행, 임차 수요 기반 양호, 임차 선행"
회피,경기도,화성시 효행구,상승,즉시 제외,56.23029051965992,45.20539013257987,-2.6539657230504,-1.0570824524312905,72.0,55.23012552301255,44.76987447698745,202401,,,아니오,예,아니오,아니오,"전세가율 72.0%, 월세비중 44.8%, 월세 비중 높음"
회피,경상남도,창원시 마산회원구,상승,즉시 제외,56.17037049168395,43.23407954792437,43.52551094122321,14.603960396039597,75.1,66.12903225806451,33.87096774193548,202311,202303,-8.0,아니오,아니오,예,아니오,"전세가율 75.1%, 월세비중 33.9%, 전세가 매매보다 8개월 선행, 임차 선행"
회피,경상남도,함양군,상승,즉시 제외,55.979773280735984,16.235600956313842,27.69119026785487,13.33333333333333,,66.66666666666667,33.333333333333336,202303,,,아니오,아니오,아니오,아니오,월세비중 33.3%
회피,경상북도,청도군,상승,즉시 제외,55.757910252210934,4.434905455335796,5.042289958432811,18.75,,100.0,0.0,202302,202408,18.0,아니오,아니오,아니오,아니오,"월세비중 0.0%, 매매가 전세보다 18개월 선행"
회피,경상남도,창원시 진해구,상승,즉시 제외,55.70029092315945,34.70223864377309,-5.328218002338058,7.259953161592514,80.6,80.54545454545455,19.454545454545453,202403,202309,-6.0,예,아니오,예,아니오,"전세가율 80.6%, 월세비중 19.5%, 전세가 매매보다 6개월 선행, 임차 수요 기반 양호, 임차 선행"
회피,경기도,가평군,상승,즉시 제외,55.47838927537815,16.780047815692242,-6.241170582279654,4.347826086956519,74.85,65.07936507936508,34.92063492063492,202303,202301,-2.0,아니오,아니오,예,아니오,"전세가율 74.8%, 월세비중 34.9%, 전세가 매매보다 2개월 선행, 임차 선행"
회피,경상북도,포항시 남구,상승,즉시 제외,55.24015402605499,29.569658769832643,-13.310587517127148,-2.576112412177989,81.9,64.46991404011462,35.53008595988538,202310,202311,1.0,아니오,아니오,아니오,아니오,"전세가율 81.9%, 월세비중 35.5%, 매매가 전세보다 1개월 선행"
회피,경상북도,칠곡군,보합,즉시 제외,54.7834202597904,16.989784829384917,0.0,-16.82242990654206,74.07,75.0,25.0,202303,202302,-1.0,예,아니오,예,아니오,"전세가율 74.1%, 월세비중 25.0%, 전세가 매매보다 1개월 선행, 임차 수요 기반 양호, 임차 선행"
회피,경상남도,함안군,보합,즉시 제외,54.64067628103188,10.475983481851772,-13.238403634520434,1.265822784810133,92.19,63.63636363636363,36.36363636363637,202301,202302,1.0,아니오,아니오,아니오,아니오,"전세가율 92.2%, 월세비중 36.4%, 매매가 전세보다 1개월 선행"
회피,경상북도,상주시,보합,즉시 제외,54.35983163520689,10.424330727887924,-1.3761467889908283,1.17647058823529,69.69,33.333333333333336,66.66666666666667,202301,202302,1.0,아니오,예,아니오,아니오,"전세가율 69.7%, 월세비중 66.7%, 매매가 전세보다 1개월 선행, 월세 비중 높음"
회피,충청남도,예산군,보합,즉시 제외,54.24628081035363,16.30297761356227,-23.291120168036116,3.571428571428581,69.88,50.0,50.0,202301,202311,10.0,아니오,예,아니오,아니오,"전세가율 69.9%, 월세비중 50.0%, 매매가 전세보다 10개월 선행, 월세 비중 높음"
회피,경상북도,영천시,보합,즉시 제외,54.224561812699214,16.495313686504005,-8.901712399327266,-20.88607594936709,73.94,47.05882352941177,52.94117647058823,202301,202306,5.0,아니오,예,아니오,아니오,"전세가율 73.9%, 월세비중 52.9%, 매매가 전세보다 5개월 선행, 월세 비중 높음"
회피,부산광역시,기장군,보합,즉시 제외,54.04217657738706,27.58522704404034,0.7578687981765198,16.991643454039007,75.28,55.26315789473684,44.73684210526316,202311,202311,0.0,아니오,예,예,아니오,"전세가율 75.3%, 월세비중 44.7%, 전세와 매매 전환 시점이 거의 동시, 월세 비중 높음, 임차 선행"
회피,부산광역시,중구,보합,즉시 제외,54.02057821218588,2.971576227390181,,5.263157894736836,,71.42857142857143,28.571428571428573,202301,202303,2.0,아니오,아니오,아니오,아니오,"월세비중 28.6%, 매매가 전세보다 2개월 선행"
회피,강원특별자치도,홍천군,보합,즉시 제외,54.01589230360254,20.302108237339706,2.888086642599297,17.14285714285715,62.69,69.23076923076923,30.76923076923077,202301,202308,7.0,아니오,아니오,아니오,아니오,"전세가율 62.7%, 월세비중 30.8%, 매매가 전세보다 7개월 선행"
회피,부산광역시,강서구,보합,즉시 제외,53.88564846497799,48.0148706266217,-10.09832749680296,12.702702702702704,68.29,86.66666666666667,13.333333333333334,202309,202308,-1.0,예,아니오,예,아니오,"전세가율 68.3%, 월세비중 13.3%, 전세가 매매보다 1개월 선행, 임차 수요 기반 양호, 임차 선행"
회피,충청북도,제천시,보합,즉시 제외,53.73235883977799,30.500642640757107,8.812857474995717,8.59106529209621,84.255,41.791044776119406,58.208955223880594,202301,202301,0.0,아니오,예,예,아니오,"전세가율 84.3%, 월세비중 58.2%, 전세와 매매 전환 시점이 거의 동시, 월세 비중 높음, 임차 선행"
회피,전라남도,여수시,보합,즉시 제외,53.71414766322946,43.79305625991129,-0.4000550313077333,-0.6622516556291425,78.13,76.78018575851394,23.21981424148607,202311,202308,-3.0,예,아니오,예,아니오,"전세가율 78.1%, 월세비중 23.2%, 전세가 매매보다 3개월 선행, 임차 수요 기반 양호, 임차 선행"
회피,대전광역시,대덕구,보합,즉시 제외,53.655727069706835,41.698181554734475,-0.2720049911137168,5.277777777777781,74.31,90.76923076923077,9.23076923076923,202312,202309,-3.0,예,아니오,예,아니오,"전세가율 74.3%, 월세비중 9.2%, 전세가 매매보다 3개월 선행, 임차 수요 기반 양호, 임차 선행"
회피,전북특별자치도,완주군,보합,즉시 제외,53.495712152931056,40.095631384481635,31.86993460434615,11.988304093567258,74.84,81.81818181818181,18.181818181818183,202311,202309,-2.0,예,아니오,예,아니오,"전세가율 74.8%, 월세비중 18.2%, 전세가 매매보다 2개월 선행, 임차 수요 기반 양호, 임차 선행"
회피,경상북도,영주시,보합,즉시 제외,53.222394306019886,12.173467389000246,4.980914123421365,6.20155038759691,64.155,57.89473684210526,42.10526315789474,202301,202301,0.0,아니오,예,예,아니오,"전세가율 64.2%, 월세비중 42.1%, 전세와 매매 전환 시점이 거의 동시, 월세 비중 높음, 임차 선행"
회피,전북특별자치도,정읍시,보합,즉시 제외,53.20774338273961,22.93902828424309,16.864473270647128,33.00970873786409,67.005,61.53846153846154,38.46153846153846,202302,202301,-1.0,아니오,아니오,예,아니오,"전세가율 67.0%, 월세비중 38.5%, 전세가 매매보다 1개월 선행, 임차 선행"
회피,경기도,이천시,보합,즉시 제외,53.03041259468993,31.7806381328804,6.910407208119351,-0.9771986970684045,83.54,57.2463768115942,42.7536231884058,202312,202402,2.0,아니오,예,아니오,아니오,"전세가율 83.5%, 월세비중 42.8%, 매매가 전세보다 2개월 선행, 월세 비중 높음"
회피,경상북도,포항시 북구,보합,즉시 제외,52.84641350631595,47.25603129754401,25.03835514618375,6.962025316455689,81.3,64.38095238095238,35.61904761904762,202312,202311,-1.0,아니오,아니오,예,아니오,"전세가율 81.3%, 월세비중 35.6%, 전세가 매매보다 1개월 선행, 임차 선행"
회피,경상북도,예천군,보합,즉시 제외,52.69710411553695,28.67094109976092,9.709200337697666,6.282722513089012,79.245,67.85714285714286,32.142857142857146,202310,202310,0.0,아니오,아니오,예,아니오,"전세가율 79.2%, 월세비중 32.1%, 전세와 매매 전환 시점이 거의 동시, 임차 선행"
회피,충청남도,천안시 동남구,보합,즉시 제외,52.63356305906442,41.20517278852424,4.165195974617819,2.5039123630672844,79.78999999999999,46.403712296983755,53.596287703016245,202401,202312,-1.0,아니오,예,예,아니오,"전세가율 79.8%, 월세비중 53.6%, 전세가 매매보다 1개월 선행, 월세 비중 높음, 임차 선행"
회피,전라남도,나주시,보합,즉시 제외,52.31876958776829,28.66239491683236,-4.147504733877905,20.74303405572755,83.58,57.83410138248848,42.16589861751152,202402,202309,-5.0,아니오,예,예,아니오,"전세가율 83.6%, 월세비중 42.2%, 전세가 매매보다 5개월 선행, 월세 비중 높음, 임차 선행"
회피,충청남도,아산시,보합,즉시 제외,52.17308962057762,47.44575119203822,5.7819642285705575,-1.5810276679841917,77.33500000000001,36.73647469458988,63.26352530541012,202501,202404,-9.0,아니오,예,예,아니오,"전세가율 77.3%, 월세비중 63.3%, 전세가 매매보다 9개월 선행, 월세 비중 높음, 임차 선행"
회피,경기도,안성시,보합,즉시 제외,52.15376727792528,23.662971817720784,-13.05334793699371,-5.722070844686645,77.77000000000001,25.09505703422053,74.90494296577947,,202309,,아니오,예,아니오,아니오,"전세가율 77.8%, 월세비중 74.9%, 월세 비중 높음"
회피,경기도,부천시 오정구,보합,즉시 제외,52.08017873446724,37.58096066072593,-18.121471430837698,-18.75,60.945,79.6875,20.3125,202311,202304,-7.0,아니오,아니오,예,아니오,"전세가율 60.9%, 월세비중 20.3%, 전세가 매매보다 7개월 선행, 임차 선행"
회피,인천광역시,강화군,보합,즉시 제외,51.929380106049166,4.88698109106716,-33.30367920634142,-8.823529411764708,75.785,61.53846153846154,38.46153846153846,202302,202301,-1.0,아니오,아니오,예,아니오,"전세가율 75.8%, 월세비중 38.5%, 전세가 매매보다 1개월 선행, 임차 선행"
회피,경상남도,거제시,보합,즉시 제외,51.61954824403862,41.15852431436,14.878501899697127,6.962025316455689,77.92500000000001,51.082251082251084,48.917748917748916,202601,202412,-13.0,아니오,예,예,아니오,"전세가율 77.9%, 월세비중 48.9%, 전세가 매매보다 13개월 선행, 월세 비중 높음, 임차 선행"
회피,경상남도,고성군,보합,즉시 제외,51.408243637761856,12.827646163877418,38.07988705345937,5.882352941176472,86.49,60.0,40.0,202302,202310,8.0,아니오,예,아니오,아니오,"전세가율 86.5%, 월세비중 40.0%, 매매가 전세보다 8개월 선행, 월세 비중 높음"
회피,강원특별자치도,강릉시,보합,즉시 제외,51.24141075326481,41.813615397618875,-10.003534183165552,-6.987951807228921,80.0,63.41463414634146,36.58536585365854,202506,202312,-18.0,아니오,아니오,예,아니오,"전세가율 80.0%, 월세비중 36.6%, 전세가 매매보다 18개월 선행, 임차 선행"
회피,서울특별시,금천구,보합,즉시 제외,50.84088604012947,47.27150029113371,8.07982831849734,-6.043956043956045,63.08,66.42857142857143,33.57142857142857,202311,202305,-6.0,아니오,아니오,예,아니오,"전세가율 63.1%, 월세비중 33.6%, 전세가 매매보다 6개월 선행, 임차 선행"
회피,대전광역시,동구,보합,즉시 제외,50.82051717299264,49.41563964892227,4.166723257858851,2.3622047244094446,77.74,51.5527950310559,48.4472049689441,202312,202308,-4.0,아니오,예,예,아니오,"전세가율 77.7%, 월세비중 48.4%, 전세가 매매보다 4개월 선행, 월세 비중 높음, 임차 선행"
회피,충청북도,청주시 서원구,보합,즉시 제외,50.73916790485639,48.93066724625082,6.259526947015259,-4.778761061946901,86.485,71.56398104265404,28.436018957345972,202311,202311,0.0,예,아니오,예,아니오,"전세가율 86.5%, 월세비중 28.4%, 전세와 매매 전환 시점이 거의 동시, 임차 수요 기반 양호, 임차 선행"
회피,전라남도,광양시,보합,즉시 제외,50.334856058076696,27.698138622575343,6.640396693815975,5.735660847880308,84.13499999999999,63.9344262295082,36.0655737704918,202403,202311,-4.0,아니오,아니오,예,아니오,"전세가율 84.1%, 월세비중 36.1%, 전세가 매매보다 4개월 선행, 임차 선행"
회피,전라남도,강진군,보합,즉시 제외,50.20600758579112,14.36209519669637,2.1231620969308196,-41.666666666666664,,83.33333333333333,16.666666666666668,202302,,,아니오,아니오,아니오,아니오,월세비중 16.7%
회피,경상남도,창녕군,보합,즉시 제외,50.01688795846645,6.281243207998261,-30.632899794682057,26.315789473684205,,0.0,100.0,202306,,,아니오,예,아니오,아니오,"월세비중 100.0%, 월세 비중 높음"
회피,경기도,양평군,보합,즉시 제외,49.92830525451326,42.93088459030646,43.65606435655971,3.267973856209161,67.55,72.22222222222223,27.77777777777778,202402,202312,-2.0,예,아니오,예,아니오,"전세가율 67.5%, 월세비중 27.8%, 전세가 매매보다 2개월 선행, 임차 수요 기반 양호, 임차 선행"
회피,강원특별자치도,횡성군,보합,즉시 제외,49.79634239545802,9.792436426863723,-5.221677488227893,9.375,,100.0,0.0,202301,202308,7.0,아니오,아니오,아니오,아니오,"월세비중 0.0%, 매매가 전세보다 7개월 선행"
회피,충청남도,계룡시,보합,즉시 제외,49.64663717475912,12.055940603357833,0.4594227480263502,17.582417582417587,79.035,70.6896551724138,29.310344827586206,202310,202312,2.0,예,아니오,아니오,아니오,"전세가율 79.0%, 월세비중 29.3%, 매매가 전세보다 2개월 선행, 임차 수요 기반 양호"
회피,충청북도,충주시,보합,즉시 제외,49.19217446207135,39.7076319962649,18.435338161234903,3.482587064676612,77.27,51.31578947368421,48.68421052631579,202311,202309,-2.0,아니오,예,예,아니오,"전세가율 77.3%, 월세비중 48.7%, 전세가 매매보다 2개월 선행, 월세 비중 높음, 임차 선행"
회피,인천광역시,중구,보합,즉시 제외,49.13439190990879,49.77125208958868,0.5356900253099983,-1.2787723785166238,64.44,64.76793248945148,35.232067510548525,202311,202308,-3.0,아니오,아니오,예,아니오,"전세가율 64.4%, 월세비중 35.2%, 전세가 매매보다 3개월 선행, 임차 선행"
회피,충청남도,태안군,보합,즉시 제외,49.12112422088988,17.72766789828298,15.06197002174472,11.111111111111116,,40.0,60.0,202302,202302,0.0,아니오,예,아니오,아니오,"월세비중 60.0%, 전세와 매매 전환 시점이 거의 동시, 월세 비중 높음"
회피,충청남도,공주시,보합,즉시 제외,48.85108435235546,17.08246462792576,0.151396106835433,11.570247933884303,64.065,63.63636363636363,36.36363636363637,202310,202307,-3.0,아니오,아니오,예,아니오,"전세가율 64.1%, 월세비중 36.4%, 전세가 매매보다 3개월 선행, 임차 선행"
회피,강원특별자치도,평창군,보합,즉시 제외,48.60512064635877,36.20191262768963,12.3112845662402,22.72727272727273,,33.333333333333336,66.66666666666667,202302,,,아니오,예,아니오,아니오,"월세비중 66.7%, 월세 비중 높음"
회피,경상남도,통영시,보합,즉시 제외,48.389508610459345,18.439684341299937,-11.26520614342378,-13.043478260869568,84.0,36.734693877551024,63.265306122448976,202302,202312,10.0,아니오,예,아니오,아니오,"전세가율 84.0%, 월세비중 63.3%, 매매가 전세보다 10개월 선행, 월세 비중 높음"
회피,부산광역시,사상구,보합,즉시 제외,48.3882139063439,36.724383588108864,-1.1472012530506448,13.607594936708868,67.815,56.19834710743802,43.80165289256198,202409,202312,-9.0,아니오,예,예,아니오,"전세가율 67.8%, 월세비중 43.8%, 전세가 매매보다 9개월 선행, 월세 비중 높음, 임차 선행"
회피,충청남도,부여군,보합,즉시 제외,47.255497325035485,24.516409476200824,28.04273292344717,33.33333333333333,,100.0,0.0,202301,202304,3.0,아니오,아니오,아니오,아니오,"월세비중 0.0%, 매매가 전세보다 3개월 선행"
회피,충청북도,증평군,보합,즉시 제외,46.891160464641565,15.39013257987394,62.007591154838934,4.166666666666674,70.515,84.61538461538461,15.384615384615385,202301,202302,1.0,예,아니오,아니오,아니오,"전세가율 70.5%, 월세비중 15.4%, 매매가 전세보다 1개월 선행, 임차 수요 기반 양호"
회피,부산광역시,영도구,보합,즉시 제외,46.74755672860515,33.30676905986621,11.248165165911006,5.555555555555558,71.69,56.94444444444444,43.05555555555556,202305,202306,1.0,아니오,예,아니오,아니오,"전세가율 71.7%, 월세비중 43.1%, 매매가 전세보다 1개월 선행, 월세 비중 높음"
회피,강원특별자치도,동해시,보합,즉시 제외,46.606291424572944,28.844105280387243,15.492704901992438,18.085106382978733,74.485,47.69230769230769,52.30769230769231,202301,202302,1.0,아니오,예,아니오,아니오,"전세가율 74.5%, 월세비중 52.3%, 매매가 전세보다 1개월 선행, 월세 비중 높음"
회피,경상북도,김천시,보합,즉시 제외,46.60037443701266,34.27558689603173,15.251493309046428,-3.2163742690058506,83.81,61.702127659574465,38.297872340425535,202307,202310,3.0,아니오,아니오,아니오,아니오,"전세가율 83.8%, 월세비중 38.3%, 매매가 전세보다 3개월 선행"
회피,부산광역시,동구,보합,즉시 제외,45.47304576140169,37.92959662553229,26.93048129703799,-5.3475935828877,64.495,66.34615384615384,33.65384615384615,202308,202401,5.0,아니오,아니오,아니오,아니오,"전세가율 64.5%, 월세비중 33.7%, 매매가 전세보다 5개월 선행"
회피,경기도,동두천시,하락,즉시 제외,44.41594856343619,18.188531210338063,12.633997527979313,-4.61538461538461,79.1,62.5,37.5,202410,202403,-7.0,아니오,아니오,예,아니오,"전세가율 79.1%, 월세비중 37.5%, 전세가 매매보다 7개월 선행, 임차 선행"
회피,전북특별자치도,남원시,하락,즉시 제외,44.21262333767424,11.192333389681792,-6.036656784038962,-27.083333333333336,76.19,30.0,70.0,202310,202301,-9.0,아니오,예,예,아니오,"전세가율 76.2%, 월세비중 70.0%, 전세가 매매보다 9개월 선행, 월세 비중 높음, 임차 선행"
회피,강원특별자치도,속초시,하락,즉시 제외,44.12896367751435,36.060840236019544,-12.085528875057472,-4.524886877828049,66.725,60.714285714285715,39.285714285714285,202303,202403,12.0,아니오,아니오,아니오,아니오,"전세가율 66.7%, 월세비중 39.3%, 매매가 전세보다 12개월 선행"
회피,충청북도,진천군,하락,즉시 제외,43.578103615514,29.374049119756577,16.66751855194457,7.222222222222219,72.58,48.421052631578945,51.578947368421055,202401,202303,-10.0,아니오,예,예,아니오,"전세가율 72.6%, 월세비중 51.6%, 전세가 매매보다 10개월 선행, 월세 비중 높음, 임차 선행"
회피,광주광역시,동구,하락,즉시 제외,43.47013176117642,45.825706166936335,3.605840755676693,1.724137931034475,70.79,57.4468085106383,42.5531914893617,202311,202309,-2.0,아니오,예,예,아니오,"전세가율 70.8%, 월세비중 42.6%, 전세가 매매보다 2개월 선행, 월세 비중 높음, 임차 선행"
회피,대구광역시,서구,하락,즉시 제외,43.175287771643525,41.87007118688637,54.129706288745005,102.82485875706216,59.42,28.26086956521739,71.73913043478261,202310,202307,-3.0,아니오,예,아니오,아니오,"전세가율 59.4%, 월세비중 71.7%, 전세가 매매보다 3개월 선행, 월세 비중 높음"
회피,전라남도,해남군,하락,즉시 제외,43.006821357309114,9.789176266029123,-21.84741005009794,18.181818181818187,,0.0,100.0,202301,202305,4.0,아니오,예,아니오,아니오,"월세비중 100.0%, 매매가 전세보다 4개월 선행, 월세 비중 높음"
회피,대구광역시,남구,하락,즉시 제외,42.804516515022286,38.30195260826283,18.726056315360996,15.686274509803932,66.23,66.42857142857143,33.57142857142857,202401,202401,0.0,아니오,아니오,예,아니오,"전세가율 66.2%, 월세비중 33.6%, 전세와 매매 전환 시점이 거의 동시, 임차 선행"
회피,서울특별시,중구,하락,즉시 제외,42.59461946715957,49.44220392238939,-10.897125958769694,-29.218106995884774,43.56,57.54716981132076,42.45283018867924,202307,202311,4.0,아니오,예,아니오,아니오,"전세가율 43.6%, 월세비중 42.5%, 매매가 전세보다 4개월 선행, 월세 비중 높음"
회피,경상북도,경주시,하락,즉시 제외,42.27847859052604,38.272812405247386,39.873153641556854,3.010752688172036,78.875,76.21621621621621,23.783783783783782,202401,202312,-1.0,예,아니오,예,아니오,"전세가율 78.9%, 월세비중 23.8%, 전세가 매매보다 1개월 선행, 임차 수요 기반 양호, 임차 선행"
회피,경기도,여주시,하락,즉시 제외,41.06603962054885,24.82039599550286,53.32499158005044,-6.214689265536721,78.48,69.87951807228916,30.120481927710845,202401,202401,0.0,아니오,아니오,예,아니오,"전세가율 78.5%, 월세비중 30.1%, 전세와 매매 전환 시점이 거의 동시, 임차 선행"
회피,전라남도,영광군,하락,즉시 제외,40.73649017122621,21.36057378830689,14.947230671550882,7.14285714285714,78.26,60.0,40.0,202302,202302,0.0,아니오,예,예,아니오,"전세가율 78.3%, 월세비중 40.0%, 전세와 매매 전환 시점이 거의 동시, 월세 비중 높음, 임차 선행"
회피,전라남도,고흥군,하락,즉시 제외,40.243519186402544,15.409693544881549,,-4.347826086956519,67.495,80.0,20.0,202404,202401,-3.0,예,아니오,예,아니오,"전세가율 67.5%, 월세비중 20.0%, 전세가 매매보다 3개월 선행, 임차 수요 기반 양호, 임차 선행"
회피,서울특별시,종로구,하락,즉시 제외,39.22534588216864,41.58545780439572,-23.05966392963368,-17.68707482993197,53.33,50.37593984962406,49.62406015037594,202309,202310,1.0,아니오,예,아니오,아니오,"전세가율 53.3%, 월세비중 49.6%, 매매가 전세보다 1개월 선행, 월세 비중 높음"
회피,인천광역시,동구,하락,즉시 제외,39.00583276452606,25.877063762306097,6.116959628020546,-19.047619047619047,76.19,47.61904761904762,52.38095238095238,202312,202402,2.0,아니오,예,아니오,아니오,"전세가율 76.2%, 월세비중 52.4%, 매매가 전세보다 2개월 선행, 월세 비중 높음"
회피,경상북도,문경시,하락,즉시 제외,38.10323350807764,10.15667554825709,-14.912593340831624,-8.62068965517241,73.17,25.0,75.0,202302,202301,-1.0,아니오,예,예,아니오,"전세가율 73.2%, 월세비중 75.0%, 전세가 매매보다 1개월 선행, 월세 비중 높음, 임차 선행"
회피,강원특별자치도,영월군,하락,즉시 제외,37.28516213560432,17.633123234079548,14.977324604866226,-34.78260869565217,,0.0,100.0,202301,202301,0.0,아니오,예,아니오,아니오,"월세비중 100.0%, 전세와 매매 전환 시점이 거의 동시, 월세 비중 높음"
회피,경기도,포천시,하락,즉시 제외,36.59863728847262,20.704650894464702,26.371518893880182,-21.89349112426036,69.33500000000001,71.1340206185567,28.8659793814433,202311,202402,3.0,예,아니오,아니오,아니오,"전세가율 69.3%, 월세비중 28.9%, 매매가 전세보다 3개월 선행, 임차 수요 기반 양호"
회피,강원특별자치도,삼척시,하락,즉시 제외,36.49844711756288,23.9420040195234,55.19123754397113,4.4117647058823595,80.59,35.0,65.0,202301,202301,0.0,아니오,예,예,아니오,"전세가율 80.6%, 월세비중 65.0%, 전세와 매매 전환 시점이 거의 동시, 월세 비중 높음, 임차 선행"
회피,충청북도,옥천군,하락,즉시 제외,36.00466689136052,19.36644207780917,-1.536299350232062,-38.0,73.62,46.15384615384615,53.84615384615385,202302,202303,1.0,아니오,예,아니오,아니오,"전세가율 73.6%, 월세비중 53.8%, 매매가 전세보다 1개월 선행, 월세 비중 높음"
회피,충청북도,단양군,하락,즉시 제외,35.920537176547654,23.125407520104325,19.867198434862487,-23.809523809523817,,,,202404,,,아니오,아니오,아니오,아니오,
회피,경기도,연천군,하락,즉시 제외,34.14936955967916,25.45207563573136,113.76173917442594,11.538461538461542,79.5,62.5,37.5,202302,202403,13.0,아니오,아니오,아니오,아니오,"전세가율 79.5%, 월세비중 37.5%, 매매가 전세보다 13개월 선행"
회피,전북특별자치도,부안군,하락,즉시 제외,33.972802707719175,6.761573570962834,32.64939345339448,-26.66666666666667,68.49,50.0,50.0,202304,202301,-3.0,아니오,예,예,아니오,"전세가율 68.5%, 월세비중 50.0%, 전세가 매매보다 3개월 선행, 월세 비중 높음, 임차 선행"
회피,전라남도,담양군,하락,즉시 제외,33.10945264893484,13.77526624646816,-7.413793103448274,-9.090909090909092,,33.333333333333336,66.66666666666667,202301,202310,9.0,아니오,예,아니오,아니오,"월세비중 66.7%, 매매가 전세보다 9개월 선행, 월세 비중 높음"
회피,제주특별자치도,서귀포시,하락,즉시 제외,32.3901715558678,34.78205221087203,26.495566005844463,3.472222222222232,72.29,46.93877551020408,53.06122448979592,202303,202303,0.0,아니오,예,예,아니오,"전세가율 72.3%, 월세비중 53.1%, 전세와 매매 전환 시점이 거의 동시, 월세 비중 높음, 임차 선행"
회피,경상북도,안동시,하락,즉시 제외,30.990092878494664,37.38366055688377,22.173139612324277,-2.066115702479343,83.87,45.714285714285715,54.285714285714285,202309,202303,-6.0,아니오,예,예,아니오,"전세가율 83.9%, 월세비중 54.3%, 전세가 매매보다 6개월 선행, 월세 비중 높음, 임차 선행"
회피,충청남도,금산군,하락,즉시 제외,30.204188609920383,21.239947837426648,70.71585548885082,-18.42105263157895,69.21,75.0,25.0,202311,202305,-6.0,예,아니오,예,아니오,"전세가율 69.2%, 월세비중 25.0%, 전세가 매매보다 6개월 선행, 임차 수요 기반 양호, 임차 선행"
회피,경상북도,성주군,하락,즉시 제외,27.570125211441663,9.22625516192132,15.5111387700551,0.0,,0.0,100.0,202409,,,아니오,예,아니오,아니오,"월세비중 100.0%, 월세 비중 높음"
회피,충청남도,보령시,하락,즉시 제외,27.54947821709119,23.176523622078935,23.207980426687392,-12.34567901234568,87.38,50.0,50.0,202303,202303,0.0,아니오,예,예,아니오,"전세가율 87.4%, 월세비중 50.0%, 전세와 매매 전환 시점이 거의 동시, 월세 비중 높음, 임차 선행"
회피,강원특별자치도,양양군,하락,즉시 제외,21.558278940014652,20.065203216692023,60.757800301222666,-19.23076923076923,,42.857142857142854,57.142857142857146,202302,202305,3.0,아니오,예,아니오,아니오,"월세비중 57.1%, 매매가 전세보다 3개월 선행, 월세 비중 높음"
