심화행동라벨,권역,시도,시군구,예측분류,투자검토분류,상승확률점수,투자적합성점수,저평가가능점수,촉매점수,과열가능점수,trade_recovery_pct,jeonse_ratio_pct,기존세대수대비_향후18개월입주예정물량_pct,저평가가능비중_pct,과대반영비중_pct,정책메모,투자검토분류근거,재검토조건
관찰 유지,기타지방,경상남도,창원시 성산구,상승,판단 보류,60.01893623283346,77.14192566833296,49.29052025330276,95.34883720930232,65.30014193689267,38.96713615023475,63.265306122448976,,1.8099547511312215,5.882352941176471,중립,투자적합성(77.1)은 높지만 과열 가능성(65.3)이 커서 지금은 추격보다 관찰이 적절함,"가격 조정, 거래 회복, 임차 지지 강화가 보이면 상향 검토"
관찰 유지,기타지방,경상남도,김해시,상승,우선 검토,58.702606981917995,73.14282187715499,64.29457364341084,58.11839323467231,34.325175684125895,-2.178649237472763,88.3587786259542,0.805070491452338,1.284796573875803,4.282655246252677,중립,저평가 가능성(64.3)과 투자적합성(73.1)이 높고 방향성도 급락 구간이 아님,단지 단계에서 상품성·호가·매수 실행 가능성을 추가 점검
관찰 유지,기타지방,전북특별자치도,전주시 덕진구,보합,판단 보류,53.6510769481511,71.52901543142795,56.00051861556938,35.81395348837209,67.82634567092477,-1.8231540565177728,67.3325,,3.5714285714285716,8.630952380952381,중립,투자적합성(71.5)은 높지만 과열 가능성(67.8)이 커서 지금은 추격보다 관찰이 적절함,"가격 조정, 거래 회복, 임차 지지 강화가 보이면 상향 검토"
관찰 유지,기타지방,충청남도,천안시 서북구,보합,우선 검토,51.49842638348911,66.60399913062378,64.22434217709358,27.906976744186046,59.03179022455145,-4.9056603773584895,84.83333333333333,,5.0,9.473684210526317,중립,저평가 가능성(64.2)과 투자적합성(66.6)이 높고 방향성도 급락 구간이 아님,단지 단계에서 상품성·호가·매수 실행 가능성을 추가 점검
관찰 유지,기타지방,충청북도,청주시 상당구,보합,우선 검토,50.71283028018689,62.2201695283634,63.23707555409979,13.023255813953488,41.97605269862067,-17.48166259168704,84.38818565400844,,3.3333333333333335,2.6666666666666665,중립,저평가 가능성(63.2)과 투자적합성(62.2)이 높고 방향성도 급락 구간이 아님,단지 단계에서 상품성·호가·매수 실행 가능성을 추가 점검
관찰 유지,기타지방,전북특별자치도,전주시 완산구,보합,우선 검토,47.263097895314814,67.09084981525756,63.98156185173054,33.95348837209302,57.650070968446336,-2.3126734505087843,93.33333333333331,,4.301075268817204,8.333333333333334,중립,저평가 가능성(64.0)과 투자적합성(67.1)이 높고 방향성도 급락 구간이 아님,단지 단계에서 상품성·호가·매수 실행 가능성을 추가 점검
관찰 유지,기타지방,충청북도,청주시 흥덕구,하락,판단 보류,41.559195358647784,74.57726581178005,41.57454416421007,29.30232558139535,76.98345889289224,-4.671968190854869,55.921052631578945,,3.6,3.6,중립,투자적합성(74.6)은 높지만 과열 가능성(77.0)이 커서 지금은 추격보다 관찰이 적절함,"가격 조정, 거래 회복, 임차 지지 강화가 보이면 상향 검토"
관찰 유지,기타지방,세종특별자치시,세종시,하락,판단 보류,36.90969829839238,90.05065994778376,44.703952396549845,6.976744186046512,85.36905411798959,-24.41099476439791,45.1505016722408,,6.094182825484765,8.033240997229917,중립,사람 검증셋에서 판단보류로 표시됨. 시장 규모와 관심도는 크지만 변동성이 크고 현재 전세지지와 과열 부담을 함께 봐야 해 바로 우선 검토로 두기보다 관찰이 적절,추가 데이터와 현재 시장 체감 지표를 확인한 뒤 재판정
관찰 유지,기타지방,충청북도,청주시 청원구,하락,판단 보류,36.82566160472553,54.542490762877634,38.84958783710013,21.86046511627907,91.93456345306986,-8.04387568555759,45.95,,5.084745762711864,7.909604519774011,중립,방향성(36.8) 또는 투자적합성(54.5)이 우선 검토 기준에는 부족하지만 즉시 제외 수준은 아님,다음 1~2개 분기 거래·임차·공급 변화를 확인 후 재판정
관찰 유지,수도권,경기도,용인시 기흥구,상승,판단 보류,64.23371396788775,89.95544446859378,55.74032372529752,98.13953488372093,73.90970629981439,63.27526132404182,64.30338004946414,,7.880434782608695,10.869565217391305,중립,사람 검증셋에서 판단보류로 표시됨. 생활권 선호와 유동성은 강하지만 단기 과열 가능성을 같이 봐야 해 판단 보류가 타당,추가 데이터와 현재 시장 체감 지표를 확인한 뒤 재판정
관찰 유지,수도권,경기도,구리시,상승,판단 보류,63.6309763151771,65.55102084624652,51.87385750295503,69.19191919191918,66.21286024200478,106.80851063829788,64.56140350877193,3.058174292940906,3.349282296650718,9.090909090909092,중립,투자적합성(65.6)은 높지만 과열 가능성(66.2)이 커서 지금은 추격보다 관찰이 적절함,"가격 조정, 거래 회복, 임차 지지 강화가 보이면 상향 검토"
관찰 유지,수도권,서울특별시,서대문구,상승,우선 검토,59.84967874838474,70.14342024412299,60.04791734905558,50.287957090282674,35.85513007573276,-5.321782178217827,73.29545454545455,1.5717696425987555,0.9493670886075948,2.848101265822785,중립,사람 검증셋에서 우선검토로 표시됨. 서울 내 유동성과 생활권 접근성이 충분하고 상대가격 부담이 과도하지 않아 우선 검토 예시로 볼 수 있음,실거래 흐름과 실제 매수 가능 단지를 함께 점검
관찰 유지,수도권,경기도,의정부시,상승,우선 검토,59.789935786364715,79.54076006021235,66.28549086904304,53.10547333803148,46.73991609367576,-7.230046948356805,75.0,2.11456478532956,3.4482758620689653,5.41871921182266,중립,저평가 가능성(66.3)과 투자적합성(79.5)이 높고 방향성도 급락 구간이 아님,단지 단계에서 상품성·호가·매수 실행 가능성을 추가 점검
관찰 유지,수도권,경기도,수원시 권선구,상승,판단 보류,59.35170316359453,75.2836339926103,58.930150671470685,94.41860465116278,57.563580449102886,36.96741854636591,63.654033041788146,,2.491103202846975,7.473309608540926,중립,투자적합성(75.3)은 높지만 우선 검토 기준에는 조금 못 미쳐 한 단계 낮은 검토군으로 둠,"가격 조정, 거래 회복, 임차 지지 강화가 보이면 상향 검토"
관찰 유지,수도권,경기도,화성시 동탄구,상승,판단 보류,56.41453754998251,91.82242990654206,51.537599628780434,99.06976744186046,80.90868726571314,65.881708652793,50.72463768115942,,14.563106796116504,13.592233009708735,중립,사람 검증셋에서 판단보류로 표시됨. 생활권 선호는 높지만 공급과 과열 가능성을 같이 봐야 하므로 판단 보류 예시로 둠,추가 데이터와 현재 시장 체감 지표를 확인한 뒤 재판정
관찰 유지,수도권,경기도,남양주시,상승,판단 보류,55.1960296685195,86.68931338061238,44.920485433667054,82.79565682666458,64.531982839834,27.51855779427359,60.65711878685762,0.7091253486136362,4.577464788732394,7.746478873239437,중립,사람 검증셋에서 판단보류로 표시됨. 시장 규모는 크지만 공급과 국면별 변동성이 있어 무조건 우선 검토보다는 관찰이 적절,추가 데이터와 현재 시장 체감 지표를 확인한 뒤 재판정
관찰 유지,수도권,경기도,광명시,보합,판단 보류,54.79195333198305,76.27673533128869,34.29423470380761,53.62331323571633,62.62546401366806,10.26315789473684,57.65765765765766,3.969085669373854,0.5524861878453039,0.5524861878453039,중립,투자적합성(76.3)은 높지만 상승확률(54.8)이 아직 강하지 않아 방향성 확인이 더 필요함,"가격 조정, 거래 회복, 임차 지지 강화가 보이면 상향 검토"
관찰 유지,수도권,인천광역시,연수구,보합,우선 검토,53.392777803431045,88.82690558413226,59.49555082432581,49.24934095476731,52.31658750955344,-1.151079136690647,58.81410256410256,0.8140884530718431,5.031446540880503,7.547169811320755,중립,사람 검증셋에서 우선검토로 표시됨. 인천 내 선호와 유동성이 충분해 방향성 확인 전제로 우선 검토군에 둘 가치가 있음,실거래 흐름과 실제 매수 가능 단지를 함께 점검
관찰 유지,수도권,경기도,고양시 일산서구,보합,우선 검토,52.16420389543191,61.07259291458378,70.48026531280708,15.348837209302326,55.031644648251266,-14.548238897396626,77.5,,7.394366197183099,14.084507042253522,중립,저평가 가능성(70.5)과 투자적합성(61.1)이 높고 방향성도 급락 구간이 아님,단지 단계에서 상품성·호가·매수 실행 가능성을 추가 점검
관찰 유지,수도권,경기도,화성시 병점구,보합,판단 보류,52.104200809847285,67.70919365355358,52.7133761873567,86.51162790697674,76.240209993813,24.36472346786247,66.29213483146067,,6.779661016949152,9.322033898305085,중립,투자적합성(67.7)은 높지만 과열 가능성(76.2)이 커서 지금은 추격보다 관찰이 적절함,"가격 조정, 거래 회복, 임차 지지 강화가 보이면 상향 검토"
관찰 유지,수도권,서울특별시,강서구,보합,판단 보류,49.71092208770559,84.69052621410805,39.68619663718747,54.01628690000783,63.73270702438734,4.31034482758621,56.310679611650485,1.4615619383498932,1.08499095840868,5.786618444846293,중립,투자적합성(84.7)은 높지만 상승확률(49.7)이 아직 강하지 않아 방향성 확인이 더 필요함,"가격 조정, 거래 회복, 임차 지지 강화가 보이면 상향 검토"
관찰 유지,수도권,서울특별시,영등포구,보합,판단 보류,49.29736844171215,81.6795060655091,44.18406758379736,46.914806984574426,52.63864157460621,-19.981149858623937,53.61702127659574,1.1097395229366949,1.4563106796116505,2.912621359223301,중립,사람 검증셋에서 판단보류로 표시됨. 직주근접성과 유동성은 좋지만 현재 가격·거래 흐름을 함께 보며 상향 여부를 판단하는 편이 적절,추가 데이터와 현재 시장 체감 지표를 확인한 뒤 재판정
관찰 유지,수도권,서울특별시,노원구,보합,판단 보류,49.16069831407204,86.5545064009166,51.353422862757945,48.34398246026153,54.99359919205153,3.5264483627204024,56.217948717948715,0.2681509271502814,2.830188679245283,7.783018867924528,중립,사람 검증셋에서 판단보류로 표시됨. 수요 기반은 있으나 현 시점에서는 추가 방향성 확인과 생활권별 선별이 필요,추가 데이터와 현재 시장 체감 지표를 확인한 뒤 재판정
관찰 유지,수도권,경기도,안산시 단원구,보합,판단 보류,48.38887102414509,64.82395131493153,51.38638224697019,46.51162790697674,74.44364377479347,2.529182879377423,61.691542288557216,,5.925925925925926,7.407407407407407,중립,방향성(48.4) 또는 투자적합성(64.8)이 우선 검토 기준에는 부족하지만 즉시 제외 수준은 아님,다음 1~2개 분기 거래·임차·공급 변화를 확인 후 재판정
관찰 유지,수도권,서울특별시,성북구,보합,판단 보류,46.54279422032359,79.31869346706702,37.92526476689595,46.81121290423616,68.26848033231099,6.877113866967299,58.51063829787234,3.5354835388298285,0.9493670886075948,3.481012658227848,중립,투자적합성(79.3)은 높지만 과열 가능성(68.3)이 커서 지금은 추격보다 관찰이 적절함,"가격 조정, 거래 회복, 임차 지지 강화가 보이면 상향 검토"
관찰 유지,수도권,경기도,고양시 덕양구,보합,판단 보류,46.15236784599292,85.3097152792871,48.14032645485315,62.7906976744186,77.22133056738363,7.642124883504198,62.94706723891273,,5.614035087719298,5.964912280701754,중립,투자적합성(85.3)은 높지만 과열 가능성(77.2)이 커서 지금은 추격보다 관찰이 적절함,"가격 조정, 거래 회복, 임차 지지 강화가 보이면 상향 검토"
관찰 유지,수도권,서울특별시,송파구,보합,우선 검토,45.890282138533586,92.44112256863107,49.120987553226335,42.67802051522982,44.86874063266137,-17.948717948717952,39.94565217391305,0.5746741404080782,0.8869179600886918,3.76940133037694,고가 핵심지 규제 민감,사람 검증셋에서 우선검토로 표시됨. 핵심 입지와 유동성이 충분해 방향성이 약해도 장기 투자 검토 대상에서 쉽게 제외할 지역은 아님,실거래 흐름과 실제 매수 가능 단지를 함께 점검
관찰 유지,수도권,서울특별시,동작구,보합,판단 보류,45.56464312432728,77.14463576087861,38.77303744950322,43.99408816850677,68.20294866450287,-38.05460750853242,52.69927536231884,1.9130757800891531,1.1869436201780414,6.231454005934718,중립,투자적합성(77.1)은 높지만 과열 가능성(68.2)이 커서 지금은 추격보다 관찰이 적절함,"가격 조정, 거래 회복, 임차 지지 강화가 보이면 상향 검토"
관찰 유지,수도권,경기도,수원시 영통구,보합,판단 보류,45.24433269881055,88.340578135188,49.138879790370126,31.627906976744185,84.26201914328347,-3.749999999999998,61.34185303514377,,9.170305676855897,16.593886462882097,중립,투자적합성(88.3)은 높지만 과열 가능성(84.3)이 커서 지금은 추격보다 관찰이 적절함,"가격 조정, 거래 회복, 임차 지지 강화가 보이면 상향 검토"
관찰 유지,수도권,경기도,용인시 수지구,하락,우선 검토,44.500445257772896,93.69702238643772,54.66947810896386,15.813953488372093,76.73284929213524,-14.413909141895688,62.07865168539326,,9.669211195928751,16.03053435114504,중립,사람 검증셋에서 우선검토로 표시됨. 수요층과 생활권 선호가 강해 투자 검토 대상군 상위에서 지속 점검할 가치가 큼,실거래 흐름과 실제 매수 가능 단지를 함께 점검
관찰 유지,수도권,경기도,수원시 팔달구,하락,판단 보류,42.46257674798368,67.41360573788307,39.12684245004913,58.6046511627907,92.80520071332388,6.823529411764695,51.94805194805195,,4.761904761904762,10.20408163265306,중립,투자적합성(67.4)은 높지만 과열 가능성(92.8)이 커서 지금은 추격보다 관찰이 적절함,"가격 조정, 거래 회복, 임차 지지 강화가 보이면 상향 검토"
관찰 유지,수도권,서울특별시,관악구,하락,판단 보류,41.092688197586064,64.16152151571988,40.429263565891475,47.61297731840367,77.27018961313098,6.144067796610164,54.47070914696814,,1.8796992481203008,5.639097744360902,중립,방향성(41.1) 또는 투자적합성(64.2)이 우선 검토 기준에는 부족하지만 즉시 제외 수준은 아님,다음 1~2개 분기 거래·임차·공급 변화를 확인 후 재판정
관찰 유지,수도권,경기도,안양시 동안구,하락,판단 보류,40.47806369279603,84.39252336448598,50.22105306256142,12.093023255813954,81.57881136950904,-17.89772727272727,58.8235294117647,,6.1688311688311686,16.558441558441558,중립,투자적합성(84.4)은 높지만 과열 가능성(81.6)이 커서 지금은 추격보다 관찰이 적절함,"가격 조정, 거래 회복, 임차 지지 강화가 보이면 상향 검토"
관찰 유지,수도권,경기도,성남시 수정구,하락,판단 보류,39.57215682365172,71.38665507498371,29.332159624413144,74.4186046511628,83.07408013975326,13.480392156862742,45.968349660889224,,1.0,4.0,중립,투자적합성(71.4)은 높지만 과열 가능성(83.1)이 커서 지금은 추격보다 관찰이 적절함,"가격 조정, 거래 회복, 임차 지지 강화가 보이면 상향 검토"
관찰 유지,수도권,경기도,하남시,하락,판단 보류,38.31189934282322,85.95023626103826,22.79057187750704,48.22997416020672,75.63181024129273,-1.9776440240756643,56.88073394495413,,0.0,2.7777777777777777,중립,사람 검증셋에서 판단보류로 표시됨. 입지 매력은 있으나 가격 부담과 단기 과열 여부를 함께 확인해야 함,추가 데이터와 현재 시장 체감 지표를 확인한 뒤 재판정
관찰 유지,수도권,경기도,수원시 장안구,하락,판단 보류,37.86485557090436,64.60552053901326,32.98295392510099,16.27906976744186,81.30712959930123,-14.28571428571429,64.09638554216868,,0.4716981132075472,8.018867924528301,중립,방향성(37.9) 또는 투자적합성(64.6)이 우선 검토 기준에는 부족하지만 즉시 제외 수준은 아님,다음 1~2개 분기 거래·임차·공급 변화를 확인 후 재판정
관찰 유지,수도권,인천광역시,서구,하락,판단 보류,37.44476305275419,90.85094222673008,36.76164155475488,31.497402970271185,80.51561305819413,4.997060552616106,58.77192982456141,9.335005466589491,2.4539877300613497,3.2719836400817996,수도권 공급 부담 경계,투자적합성(90.9)은 높지만 과열 가능성(80.5)이 커서 지금은 추격보다 관찰이 적절함,"가격 조정, 거래 회복, 임차 지지 강화가 보이면 상향 검토"
관찰 유지,수도권,경기도,오산시,하락,판단 보류,37.073447119540816,66.60012182000156,34.430667388218765,39.33677863910422,66.95414760832668,-4.545454545454541,65.75262543757293,9.550146519179492,0.5882352941176471,0.5882352941176471,수도권 공급 부담 경계,투자적합성(66.6)은 높지만 과열 가능성(67.0)이 커서 지금은 추격보다 관찰이 적절함,"가격 조정, 거래 회복, 임차 지지 강화가 보이면 상향 검토"
관찰 유지,수도권,서울특별시,광진구,하락,판단 보류,36.178496900425955,60.59211497232218,38.60076154602031,34.41374990212199,75.18812097390546,-33.45521023765996,39.45086705202312,2.388989872760322,2.3715415019762847,6.719367588932807,중립,방향성(36.2) 또는 투자적합성(60.6)이 우선 검토 기준에는 부족하지만 즉시 제외 수준은 아님,다음 1~2개 분기 거래·임차·공급 변화를 확인 후 재판정
관찰 유지,수도권,서울특별시,성동구,하락,판단 보류,34.90605967265328,75.20093592106923,27.689035375040945,31.28161459556808,70.30174989329919,-44.506517690875235,42.32954545454545,3.6199316072300927,0.3533568904593639,2.1201413427561837,중립,투자적합성(75.2)은 높지만 과열 가능성(70.3)이 커서 지금은 추격보다 관찰이 적절함,"가격 조정, 거래 회복, 임차 지지 강화가 보이면 상향 검토"
관찰 유지,수도권,경기도,성남시 분당구,하락,우선 검토,31.27180240865483,89.99456639860901,41.96298722567966,4.186046511627907,93.36475961713433,-37.824675324675326,40.23668639053255,,12.62135922330097,12.37864077669903,중립,사람 검증셋에서 우선검토로 표시됨. 수요 기반과 생활권 질이 높아 투자 검토 대상군 상위에 두고 보는 편이 타당,실거래 흐름과 실제 매수 가능 단지를 함께 점검
관찰 유지,수도권,경기도,과천시,하락,판단 보류,29.205292684603908,47.10307206431238,25.050849485182074,24.45357972489755,68.62994859804412,-62.20095693779905,37.77869529314616,8.058533611096998,0.0,0.0,수도권 공급 부담 경계,사람 검증셋에서 판단보류로 표시됨. 핵심 수요는 강하지만 표본과 상품성 차이 영향이 커서 기계적 제외보다 판단 보류로 보는 편이 타당,추가 데이터와 현재 시장 체감 지표를 확인한 뒤 재판정
관찰 유지,지방광역시,대전광역시,유성구,상승,판단 보류,59.47470712863071,81.89588414756857,54.470302434763624,63.92177589852008,55.20124393294227,23.84615384615385,77.60532150776054,3.00192535411149,2.527075812274368,3.2490974729241877,중립,투자적합성(81.9)은 높지만 우선 검토 기준에는 조금 못 미쳐 한 단계 낮은 검토군으로 둠,"가격 조정, 거래 회복, 임차 지지 강화가 보이면 상향 검토"
관찰 유지,지방광역시,대전광역시,서구,상승,판단 보류,57.66573095725576,82.29630702933608,54.75746533464353,60.084566596194506,56.309429870271664,26.028481012658222,67.42788461538461,3.648894874435554,2.1148036253776437,3.323262839879154,중립,투자적합성(82.3)은 높지만 우선 검토 기준에는 조금 못 미쳐 한 단계 낮은 검토군으로 둠,"가격 조정, 거래 회복, 임차 지지 강화가 보이면 상향 검토"
관찰 유지,지방광역시,대구광역시,북구,상승,판단 보류,56.51126978879879,77.72325393567152,44.501897041161705,71.99788583509513,49.27112924197759,14.234556848701876,80.55555555555556,1.42133485275408,0.4975124378109453,3.2338308457711444,중립,투자적합성(77.7)은 높지만 우선 검토 기준에는 조금 못 미쳐 한 단계 낮은 검토군으로 둠,"가격 조정, 거래 회복, 임차 지지 강화가 보이면 상향 검토"
관찰 유지,지방광역시,부산광역시,해운대구,상승,우선 검토,56.01291844039832,82.74733619368844,51.36277159078502,84.67230443974631,59.56141748305193,31.42523364485981,63.54515050167224,0.9386887162499894,3.811659192825112,6.95067264573991,중립,사람 검증셋에서 우선검토로 표시됨. 지방광역시 내 핵심 생활권으로 유동성과 선호가 상대적으로 높아 우선 검토 예시로 적절,실거래 흐름과 실제 매수 가능 단지를 함께 점검
관찰 유지,지방광역시,울산광역시,남구,상승,판단 보류,55.47916189000425,79.03488506256019,54.173040179058845,62.99154334038055,62.94036665376331,8.116627265563437,74.3801652892562,1.663085670872853,4.602510460251046,8.577405857740585,중립,투자적합성(79.0)은 높지만 우선 검토 기준에는 조금 못 미쳐 한 단계 낮은 검토군으로 둠,"가격 조정, 거래 회복, 임차 지지 강화가 보이면 상향 검토"
관찰 유지,지방광역시,대구광역시,수성구,상승,판단 보류,55.364861822150175,86.59242086395602,40.104323616115295,89.84143763213531,63.46785700106205,24.096385542168687,57.083333333333336,0.045823680659861,3.3268101761252447,5.088062622309198,중립,사람 검증셋에서 판단보류로 표시됨. 대구 내 핵심 선호 지역이지만 현재 시점에서는 가격 부담과 회복 강도를 함께 확인해야 함,추가 데이터와 현재 시장 체감 지표를 확인한 뒤 재판정
관찰 유지,지방광역시,대구광역시,달서구,보합,판단 보류,54.25451953659362,83.8839382742882,54.96312370346108,73.06553911205074,45.71793640631669,11.472982975573643,71.34615384615384,1.010502621067634,2.028397565922921,3.6511156186612577,중립,투자적합성(83.9)은 높지만 상승확률(54.3)이 아직 강하지 않아 방향성 확인이 더 필요함,"가격 조정, 거래 회복, 임차 지지 강화가 보이면 상향 검토"
관찰 유지,지방광역시,울산광역시,울주군,보합,우선 검토,51.419481843312425,59.89241469245816,64.15995195982094,39.06976744186046,56.17190741347309,-0.6015037593984918,101.15606936416184,,5.042016806722689,6.722689075630252,중립,저평가 가능성(64.2)과 투자적합성(59.9)이 높고 방향성도 급락 구간이 아님,단지 단계에서 상품성·호가·매수 실행 가능성을 추가 점검
보수 접근,기타지방,경상남도,창원시 의창구,상승,판단 보류,68.14926460233143,50.574875027168005,64.05939513047277,93.48837209302326,48.709083961131135,35.128805620608894,86.66666666666667,,3.225806451612903,4.608294930875576,중립,촉매 점수(93.5)는 높지만 투자적합성(50.6) 또는 방향성(68.1)이 아직 부족함,촉발 이벤트가 실제 거래와 가격에 반영되는지 확인 후 재검토
보수 접근,기타지방,경상남도,창원시 마산합포구,상승,판단 보류,56.86601395475425,52.90915018474245,43.79185091167159,90.23255813953487,47.282863849765256,28.131868131868146,76.47058823529412,,0.8333333333333334,0.4166666666666667,중립,촉매 점수(90.2)는 높지만 투자적합성(52.9) 또는 방향성(56.9)이 아직 부족함,촉발 이벤트가 실제 거래와 가격에 반영되는지 확인 후 재검토
보수 접근,기타지방,경상남도,양산시,상승,판단 보류,55.85038461584567,61.74838534832739,51.414018997707174,82.25158562367864,53.39494808881477,16.02687140115162,63.9344262295082,0.4893860429642812,3.2934131736526946,4.790419161676646,중립,촉매 점수(82.3)는 높지만 투자적합성(61.7) 또는 방향성(55.9)이 아직 부족함,촉발 이벤트가 실제 거래와 가격에 반영되는지 확인 후 재검토
보수 접근,기타지방,경상북도,구미시,보합,판단 보류,54.961387317206686,64.34570047842526,50.27635385959166,37.494714587737846,52.841281303040226,-0.0778816199376919,73.81889763779527,3.497018172372366,0.6864988558352403,3.203661327231121,중립,방향성(55.0) 또는 투자적합성(64.3)이 우선 검토 기준에는 부족하지만 즉시 제외 수준은 아님,다음 1~2개 분기 거래·임차·공급 변화를 확인 후 재판정
보수 접근,기타지방,전북특별자치도,군산시,보합,판단 보류,51.7745825875305,50.35402931729817,43.143929468282565,33.66807610993658,59.56144353790113,-7.267441860465118,86.36363636363636,2.9465084522295992,0.3759398496240601,4.511278195488722,중립,방향성(51.8) 또는 투자적합성(50.4)이 우선 검토 기준에는 부족하지만 즉시 제외 수준은 아님,다음 1~2개 분기 거래·임차·공급 변화를 확인 후 재판정
보수 접근,기타지방,강원특별자치도,춘천시,하락,판단 보류,41.94668824657901,62.24878649568934,38.651585871820075,46.65961945031712,55.46499220835939,2.522935779816504,65.26086956521739,2.8310911808669657,0.9049773755656108,0.9049773755656108,중립,방향성(41.9) 또는 투자적합성(62.2)이 우선 검토 기준에는 부족하지만 즉시 제외 수준은 아님,다음 1~2개 분기 거래·임차·공급 변화를 확인 후 재판정
보수 접근,기타지방,제주특별자치도,제주시,하락,판단 보류,36.83588786175123,50.151577354359354,38.88170105906759,49.33403805496829,49.94417934669327,0.7978723404255428,62.5,1.9440111086349063,0.2188183807439825,1.312910284463895,중립,방향성(36.8) 또는 투자적합성(50.2)이 우선 검토 기준에는 부족하지만 즉시 제외 수준은 아님,다음 1~2개 분기 거래·임차·공급 변화를 확인 후 재판정
보수 접근,수도권,경기도,용인시 처인구,상승,판단 보류,56.572270942812246,61.07367963486198,46.730838519489026,76.74418604651163,54.75956254321796,15.412186379928317,70.33492822966507,,1.5789473684210529,2.1052631578947367,중립,촉매 점수(76.7)는 높지만 투자적합성(61.1) 또는 방향성(56.6)이 아직 부족함,촉발 이벤트가 실제 거래와 가격에 반영되는지 확인 후 재검토
보수 접근,수도권,경기도,부천시 소사구,상승,판단 보류,56.35800883268378,61.80286894153445,52.47113494923026,59.53488372093023,58.73374094697383,6.960556844547572,69.70509383378015,,1.2765957446808511,5.957446808510638,중립,방향성(56.4) 또는 투자적합성(61.8)이 우선 검토 기준에는 부족하지만 즉시 제외 수준은 아님,다음 1~2개 분기 거래·임차·공급 변화를 확인 후 재판정
보수 접근,수도권,서울특별시,은평구,상승,판단 보류,55.90534058321049,71.48491605421258,36.80322633475271,56.89260825307336,62.76261178771006,18.135593220338976,56.32183908045977,4.161575716535896,0.23094688221709,2.07852193995381,중립,투자적합성(71.5)은 높지만 우선 검토 기준에는 조금 못 미쳐 한 단계 낮은 검토군으로 둠,"가격 조정, 거래 회복, 임차 지지 강화가 보이면 상향 검토"
보수 접근,수도권,경기도,성남시 중원구,상승,판단 보류,55.90336688708817,64.04259943490545,41.562056447210395,65.58139534883722,52.89158205044219,9.348441926345608,59.87951807228916,,0.0,3.418803418803418,중립,방향성(55.9) 또는 투자적합성(64.0)이 우선 검토 기준에는 부족하지만 즉시 제외 수준은 아님,다음 1~2개 분기 거래·임차·공급 변화를 확인 후 재판정
보수 접근,수도권,인천광역시,계양구,상승,판단 보류,55.55771811642872,50.228130760623706,70.40144939403865,26.529115443844123,48.39271853814926,-12.416851441241684,82.03125,3.660705668233899,3.125,5.208333333333333,중립,방향성(55.6) 또는 투자적합성(50.2)이 우선 검토 기준에는 부족하지만 즉시 제외 수준은 아님,다음 1~2개 분기 거래·임차·공급 변화를 확인 후 재판정
보수 접근,수도권,경기도,안산시 상록구,보합,판단 보류,54.43388131733893,50.14670723755705,47.75129653892347,66.97674418604652,61.926083633584454,9.880239520958089,59.90220048899756,,1.5748031496062993,3.937007874015748,중립,방향성(54.4) 또는 투자적합성(50.1)이 우선 검토 기준에는 부족하지만 즉시 제외 수준은 아님,다음 1~2개 분기 거래·임차·공급 변화를 확인 후 재판정
보수 접근,수도권,서울특별시,강동구,보합,판단 보류,52.802186655045496,88.84359546099749,40.87050988099138,49.727703390494085,63.55790752265531,-21.684053651266765,49.25,1.8390969286978949,0.6024096385542169,7.630522088353413,중립,사람 검증셋에서 판단보류로 표시됨. 기본 수요와 유동성은 충분하지만 현재는 가격 부담과 단기 과열 여부를 같이 봐야 함,추가 데이터와 현재 시장 체감 지표를 확인한 뒤 재판정
보수 접근,수도권,경기도,광주시,보합,판단 보류,52.60303746017209,65.15676946235521,56.60471287448318,44.475765405997954,60.2135059275591,4.665959703075284,73.51351351351352,9.96654962498182,2.510460251046025,3.7656903765690375,수도권 공급 부담 경계,투자적합성(65.2)은 높지만 상승확률(52.6)이 아직 강하지 않아 방향성 확인이 더 필요함,"가격 조정, 거래 회복, 임차 지지 강화가 보이면 상향 검토"
보수 접근,수도권,경기도,파주시,보합,판단 보류,52.363873566515785,77.63290857328387,54.93364046767969,44.161511758410974,43.98182991998626,-3.154305200341001,72.5925925925926,3.988426994213497,0.6756756756756757,1.0135135135135136,중립,투자적합성(77.6)은 높지만 상승확률(52.4)이 아직 강하지 않아 방향성 확인이 더 필요함,"가격 조정, 거래 회복, 임차 지지 강화가 보이면 상향 검토"
보수 접근,수도권,경기도,양주시,보합,판단 보류,52.32119450221225,62.39226040501126,57.54896158209791,49.629890637642575,47.98384495778791,-5.064935064935061,73.17460317460318,3.02943732219167,2.3121387283236996,2.3121387283236996,중립,방향성(52.3) 또는 투자적합성(62.4)이 우선 검토 기준에는 부족하지만 즉시 제외 수준은 아님,다음 1~2개 분기 거래·임차·공급 변화를 확인 후 재판정
보수 접근,수도권,경기도,고양시 일산동구,보합,판단 보류,52.25676450343449,59.12193001521408,55.155291243585545,56.74418604651162,56.70525348473268,5.938242280285033,86.95652173913044,,1.183431952662722,7.6923076923076925,중립,방향성(52.3) 또는 투자적합성(59.1)이 우선 검토 기준에는 부족하지만 즉시 제외 수준은 아님,다음 1~2개 분기 거래·임차·공급 변화를 확인 후 재판정
보수 접근,수도권,서울특별시,구로구,보합,판단 보류,51.90026233615893,76.45256935556147,53.49336035593406,54.3397541304518,51.41602956356887,-3.452855245683928,61.333333333333336,0.7721192208401784,1.8475750577367205,7.852193995381063,중립,투자적합성(76.5)은 높지만 상승확률(51.9)이 아직 강하지 않아 방향성 확인이 더 필요함,"가격 조정, 거래 회복, 임차 지지 강화가 보이면 상향 검토"
보수 접근,수도권,서울특별시,동대문구,보합,판단 보류,51.69461824593217,73.84784842801217,37.21156785675292,61.26787252368648,56.86272692532928,10.187667560321724,64.28571428571429,1.8496864037418943,0.5602240896358543,2.8011204481792715,중립,투자적합성(73.8)은 높지만 상승확률(51.7)이 아직 강하지 않아 방향성 확인이 더 필요함,"가격 조정, 거래 회복, 임차 지지 강화가 보이면 상향 검토"
보수 접근,수도권,경기도,평택시,보합,판단 보류,51.56310699023732,78.33825711533457,59.91825764156899,39.98486153524913,53.34816412030413,-4.8071216617210695,67.90123456790124,13.322839998817653,1.5945330296127562,3.1890660592255125,수도권 공급 부담 경계,투자적합성(78.3)은 높지만 상승확률(51.6)이 아직 강하지 않아 방향성 확인이 더 필요함,"가격 조정, 거래 회복, 임차 지지 강화가 보이면 상향 검토"
보수 접근,수도권,경기도,김포시,보합,판단 보류,51.262120986216615,80.71728904881118,46.34921649885833,61.00018270560906,30.60430885709514,-13.303099017384737,70.0,0.0,0.0,0.0,중립,투자적합성(80.7)은 높지만 상승확률(51.3)이 아직 강하지 않아 방향성 확인이 더 필요함,"가격 조정, 거래 회복, 임차 지지 강화가 보이면 상향 검토"
보수 접근,수도권,경기도,시흥시,보합,판단 보류,50.58319629195921,88.61433773119639,54.949155736576515,57.857907237752194,53.35743515848901,2.2382094324540303,62.264150943396224,3.2325358730319764,2.823529411764706,2.823529411764706,중립,사람 검증셋에서 판단보류로 표시됨. 입지 확장 기대는 있으나 가격 반영과 실제 수요 강도를 더 확인할 필요가 있음,추가 데이터와 현재 시장 체감 지표를 확인한 뒤 재판정
보수 접근,수도권,서울특별시,양천구,보합,판단 보류,50.395126271377144,81.10813269257086,56.50578665793209,38.057513115652654,50.52305357869557,-15.542857142857148,54.523809523809526,0.3851996527777778,2.1186440677966103,10.59322033898305,중립,투자적합성(81.1)은 높지만 상승확률(50.4)이 아직 강하지 않아 방향성 확인이 더 필요함,"가격 조정, 거래 회복, 임차 지지 강화가 보이면 상향 검토"
보수 접근,수도권,경기도,의왕시,보합,판단 보류,46.7563780552682,61.866717111953655,41.67996624845127,30.50557252107639,63.29470075655083,-15.161290322580644,61.333333333333336,9.112240907313256,0.6756756756756757,2.027027027027027,수도권 공급 부담 경계,방향성(46.8) 또는 투자적합성(61.9)이 우선 검토 기준에는 부족하지만 즉시 제외 수준은 아님,다음 1~2개 분기 거래·임차·공급 변화를 확인 후 재판정
보수 접근,수도권,경기도,화성시 만세구,보합,판단 보류,46.41759977910379,54.320799826124755,56.50753357353423,22.32558139534884,61.2588528587546,-7.578947368421051,52.525,,5.1020408163265305,4.081632653061225,중립,방향성(46.4) 또는 투자적합성(54.3)이 우선 검토 기준에는 부족하지만 즉시 제외 수준은 아님,다음 1~2개 분기 거래·임차·공급 변화를 확인 후 재판정
보수 접근,수도권,서울특별시,중랑구,보합,판단 보류,46.28108302318053,61.60185252266683,39.3421225024566,37.506773157935946,60.028155366306365,13.221153846153854,59.36675461741425,3.689592610918687,0.3436426116838488,2.4054982817869415,중립,방향성(46.3) 또는 투자적합성(61.6)이 우선 검토 기준에는 부족하지만 즉시 제외 수준은 아님,다음 1~2개 분기 거래·임차·공급 변화를 확인 후 재판정
보수 접근,수도권,서울특별시,강북구,보합,판단 보류,46.02649670825421,50.86900056616785,38.8780434545256,52.69493383446871,56.79244583072784,16.603773584905657,60.0,2.0492292986019836,0.7692307692307693,2.3076923076923075,중립,방향성(46.0) 또는 투자적합성(50.9)이 우선 검토 기준에는 부족하지만 즉시 제외 수준은 아님,다음 1~2개 분기 거래·임차·공급 변화를 확인 후 재판정
보수 접근,수도권,서울특별시,도봉구,보합,판단 보류,45.61627373095082,60.71315682849407,48.09437438584999,45.91163573721713,41.196622298980635,-13.436123348017626,63.63636363636363,0.0,0.4587155963302752,4.128440366972477,중립,방향성(45.6) 또는 투자적합성(60.7)이 우선 검토 기준에는 부족하지만 즉시 제외 수준은 아님,다음 1~2개 분기 거래·임차·공급 변화를 확인 후 재판정
보수 접근,수도권,인천광역시,부평구,하락,판단 보류,42.673941164254614,75.5277569825132,46.76317010590676,54.31289640591966,46.25932763600631,-10.640732265446228,76.92307692307692,0.3229895916604087,0.9174311926605504,3.669724770642202,중립,투자적합성(75.5)은 높지만 상승확률(42.7)이 아직 강하지 않아 방향성 확인이 더 필요함,"가격 조정, 거래 회복, 임차 지지 강화가 보이면 상향 검토"
보수 접근,수도권,인천광역시,남동구,하락,판단 보류,41.66960137938819,77.47218130250805,53.99362648760782,20.0,58.87429486479601,-9.88553590010406,70.58823529411765,,2.185792349726776,4.644808743169399,중립,투자적합성(77.5)은 높지만 상승확률(41.7)이 아직 강하지 않아 방향성 확인이 더 필요함,"가격 조정, 거래 회복, 임차 지지 강화가 보이면 상향 검토"
보수 접근,수도권,서울특별시,서초구,하락,판단 보류,40.67341120934155,76.89850032601609,54.96765476580413,14.39260825307337,55.81911358921677,-47.59535655058043,42.74809160305343,7.580088817628506,1.9157088122605364,2.10727969348659,고가 핵심지 규제 민감,사람 검증셋에서 판단보류로 표시됨. 핵심 입지지만 가격 부담과 단기 방향성 확인이 필요해 관찰 후 상향 검토가 적절,추가 데이터와 현재 시장 체감 지표를 확인한 뒤 재판정
보수 접근,수도권,서울특별시,마포구,하락,판단 보류,40.182437792684006,77.69086698812121,38.077314663172835,25.195990916921147,54.05723381869795,-39.9197592778335,52.5,3.4936331617447847,0.0,1.951219512195122,중립,사람 검증셋에서 판단보류로 표시됨. 핵심 생활권 접근성은 좋지만 현재 국면에서 가격·거래·임차 흐름을 함께 봐야 함,추가 데이터와 현재 시장 체감 지표를 확인한 뒤 재판정
보수 접근,수도권,서울특별시,강남구,하락,판단 보류,39.860019352453506,84.13291796469366,52.65297794519053,31.458147365124105,36.812437344291254,-50.25062656641603,43.37662337662338,0.3917121177076261,1.2589928057553956,1.9784172661870505,고가 핵심지 규제 민감,사람 검증셋에서 판단보류로 표시됨. 투자 검토 가치는 매우 높지만 현재 가격 부담과 규제 민감도를 함께 봐야 하므로 무조건 우선 검토로 두지는 않음,추가 데이터와 현재 시장 체감 지표를 확인한 뒤 재판정
보수 접근,수도권,서울특별시,용산구,하락,판단 보류,38.60972621669972,54.48461284583866,43.038459438803365,26.856667449690704,53.84238925448392,-11.627906976744184,39.77272727272727,4.595452141723956,0.4310344827586206,0.8620689655172413,고가 핵심지 규제 민감,방향성(38.6) 또는 투자적합성(54.5)이 우선 검토 기준에는 부족하지만 즉시 제외 수준은 아님,다음 1~2개 분기 거래·임차·공급 변화를 확인 후 재판정
보수 접근,수도권,인천광역시,미추홀구,하락,판단 보류,37.49202592341813,63.39013794639383,44.24035102085381,22.251455119672173,62.64578308469562,-16.88500727802038,71.05263157894737,4.296791004186747,0.2217294900221729,4.212860310421286,중립,방향성(37.5) 또는 투자적합성(63.4)이 우선 검토 기준에는 부족하지만 즉시 제외 수준은 아님,다음 1~2개 분기 거래·임차·공급 변화를 확인 후 재판정
보수 접근,지방광역시,부산광역시,사하구,상승,판단 보류,61.02547257802345,53.65739063703274,65.39115896931979,79.60887949260041,35.041486764136614,23.92857142857143,92.0,1.067951120256584,2.6041666666666665,2.8645833333333335,중립,촉매 점수(79.6)는 높지만 투자적합성(53.7) 또는 방향성(61.0)이 아직 부족함,촉발 이벤트가 실제 거래와 가격에 반영되는지 확인 후 재검토
보수 접근,지방광역시,광주광역시,서구,상승,판단 보류,57.05085845087924,64.32310742967847,59.03364177311934,49.46088794926004,40.193929964565406,12.84109149277688,88.10888252148997,4.089295762455093,0.7722007722007722,1.1583011583011582,중립,방향성(57.1) 또는 투자적합성(64.3)이 우선 검토 기준에는 부족하지만 즉시 제외 수준은 아님,다음 1~2개 분기 거래·임차·공급 변화를 확인 후 재판정
보수 접근,지방광역시,부산광역시,수영구,상승,판단 보류,56.380588279535075,58.76516377277081,53.54284037558685,69.26004228329809,49.2153867532184,37.77292576419213,55.142857142857146,2.9544256481525855,1.5625,2.34375,중립,방향성(56.4) 또는 투자적합성(58.8)이 우선 검토 기준에는 부족하지만 즉시 제외 수준은 아님,다음 1~2개 분기 거래·임차·공급 변화를 확인 후 재판정
보수 접근,지방광역시,부산광역시,남구,상승,판단 보류,56.36283537991267,66.59019375820071,49.733800087345784,51.54334038054968,64.09208031841507,40.03690036900369,71.84466019417475,11.327874584766011,1.2084592145015105,3.323262839879154,중립,투자적합성(66.6)은 높지만 우선 검토 기준에는 조금 못 미쳐 한 단계 낮은 검토군으로 둠,"가격 조정, 거래 회복, 임차 지지 강화가 보이면 상향 검토"
보수 접근,지방광역시,대전광역시,중구,보합,판단 보류,54.202350871920984,51.66311134723798,56.22340048040179,52.12473572938688,45.16061946024278,24.705882352941178,76.05633802816901,6.05517483746266,0.4504504504504504,1.8018018018018016,중립,방향성(54.2) 또는 투자적합성(51.7)이 우선 검토 기준에는 부족하지만 즉시 제외 수준은 아님,다음 1~2개 분기 거래·임차·공급 변화를 확인 후 재판정
보수 접근,지방광역시,울산광역시,중구,보합,판단 보류,53.911808506700275,57.24321873130103,47.078542963205585,26.596194503171247,58.58137549752355,0.0,92.98850574712644,8.931744882511683,0.3012048192771084,3.0120481927710845,중립,방향성(53.9) 또는 투자적합성(57.2)이 우선 검토 기준에는 부족하지만 즉시 제외 수준은 아님,다음 1~2개 분기 거래·임차·공급 변화를 확인 후 재판정
보수 접근,지방광역시,부산광역시,금정구,보합,판단 보류,53.86140289545315,55.48265138281801,42.48341794955781,69.00634249471459,50.51793814330664,33.59173126614987,79.26356589147287,2.907912659429562,0.0,2.9220779220779223,중립,방향성(53.9) 또는 투자적합성(55.5)이 우선 검토 기준에는 부족하지만 즉시 제외 수준은 아님,다음 1~2개 분기 거래·임차·공급 변화를 확인 후 재판정
보수 접근,지방광역시,대구광역시,달성군,보합,판단 보류,51.75512157994592,52.864594653336226,60.954075226553115,65.11627906976744,57.81075080976817,8.962868117797695,68.359375,,3.553299492385787,6.091370558375634,중립,방향성(51.8) 또는 투자적합성(52.9)이 우선 검토 기준에는 부족하지만 즉시 제외 수준은 아님,다음 1~2개 분기 거래·임차·공급 변화를 확인 후 재판정
보수 접근,지방광역시,울산광역시,북구,보합,판단 보류,51.35454447013127,65.35892626669994,42.60334097608909,51.627906976744185,49.875295701859734,4.31192660550459,66.85082872928177,,0.4926108374384236,1.477832512315271,중립,투자적합성(65.4)은 높지만 상승확률(51.4)이 아직 강하지 않아 방향성 확인이 더 필요함,"가격 조정, 거래 회복, 임차 지지 강화가 보이면 상향 검토"
보수 접근,지방광역시,대구광역시,중구,보합,판단 보류,51.15000395467897,55.66935260987279,25.370741893219783,81.56448202959831,52.68875373452838,55.81896551724137,46.3458110516934,1.498139782088759,0.0,0.0,중립,촉매 점수(81.6)는 높지만 투자적합성(55.7) 또는 방향성(51.2)이 아직 부족함,촉발 이벤트가 실제 거래와 가격에 반영되는지 확인 후 재검토
보수 접근,지방광역시,광주광역시,북구,보합,판단 보류,50.882016278748495,80.49463213847768,59.12479528332788,21.649048625792815,59.12497518585792,-6.155143338954472,76.75675675675676,5.814027472410941,2.926829268292683,3.658536585365854,중립,투자적합성(80.5)은 높지만 상승확률(50.9)이 아직 강하지 않아 방향성 확인이 더 필요함,"가격 조정, 거래 회복, 임차 지지 강화가 보이면 상향 검토"
보수 접근,지방광역시,대구광역시,동구,보합,판단 보류,47.041236036530826,73.29104515658163,28.06909870073152,77.95983086680761,52.78109460143525,17.677824267782416,62.666666666666664,1.0338507650090627,0.0,1.440922190201729,중립,투자적합성(73.3)은 높지만 상승확률(47.0)이 아직 강하지 않아 방향성 확인이 더 필요함,"가격 조정, 거래 회복, 임차 지지 강화가 보이면 상향 검토"
우선 매수 검토,기타지방,강원특별자치도,원주시,상승,우선 검토,68.35884803210428,61.67336140023237,73.22161262146523,49.43974630021142,39.97001831283685,4.244482173174879,82.98755186721992,2.7092309701005353,3.3240997229916895,4.1551246537396125,중립,상승확률(68.4)과 투자적합성(61.7)이 모두 높고 과열 가능성(40.0)이 과하지 않음,단지 단계에서 상품성·호가·매수 실행 가능성을 추가 점검
우선 매수 검토,기타지방,전라남도,순천시,상승,우선 검토,60.46148229207679,56.37794789645837,55.819644611857186,69.49260042283298,43.74090809834341,13.997627520759192,63.13993174061434,1.587857745783497,2.643171806167401,1.7621145374449338,중립,상승확률(60.5)과 투자적합성(56.4)이 모두 높고 과열 가능성(43.7)이 과하지 않음,단지 단계에서 상품성·호가·매수 실행 가능성을 추가 점검
우선 매수 검토,기타지방,경상남도,진주시,상승,우선 검토,60.312233960630046,69.65986996922301,51.143615569385304,83.72093023255815,44.457255158860136,19.36444885799404,94.86486486486488,,0.5714285714285714,2.857142857142857,중립,상승확률(60.3)과 투자적합성(69.7)이 모두 높고 과열 가능성(44.5)이 과하지 않음,단지 단계에서 상품성·호가·매수 실행 가능성을 추가 점검
우선 매수 검토,수도권,경기도,부천시 원미구,상승,우선 검토,76.36272602698541,71.58117800478158,72.73650234741784,97.2093023255814,47.52720457109583,43.61904761904762,77.58620689655173,,4.624277456647399,9.53757225433526,수도권 대체지·확산 수혜 가능,상승확률(76.4)과 투자적합성(71.6)이 모두 높고 과열 가능성(47.5)이 과하지 않음,단지 단계에서 상품성·호가·매수 실행 가능성을 추가 점검
우선 매수 검토,수도권,경기도,안양시 만안구,상승,우선 검토,72.86635264118131,69.95761790915019,66.1496342395458,96.74418604651164,56.54225352112676,41.93548387096775,71.72643869891576,,3.3333333333333335,17.083333333333332,수도권 대체지·확산 수혜 가능,상승확률(72.9)과 투자적합성(70.0)이 모두 높고 과열 가능성(56.5)이 과하지 않음,단지 단계에서 상품성·호가·매수 실행 가능성을 추가 점검
우선 매수 검토,수도권,경기도,군포시,상승,우선 검토,70.61334108802245,60.94061677413123,66.8422926843162,87.96544253908594,31.367046625125635,29.79942693409743,76.19047619047619,0.0,2.293577981651376,3.669724770642202,수도권 대체지·확산 수혜 가능,상승확률(70.6)과 투자적합성(60.9)이 모두 높고 과열 가능성(31.4)이 과하지 않음,단지 단계에서 상품성·호가·매수 실행 가능성을 추가 점검
우선 매수 검토,지방광역시,부산광역시,북구,상승,우선 검토,71.82021514172854,63.4890429080098,62.61941805874004,89.30232558139535,40.3964952505732,27.3031825795645,84.19497784342688,,1.593625498007968,3.585657370517928,중립,상승확률(71.8)과 투자적합성(63.5)이 모두 높고 과열 가능성(40.4)이 과하지 않음,단지 단계에서 상품성·호가·매수 실행 가능성을 추가 점검
우선 매수 검토,지방광역시,광주광역시,광산구,상승,우선 검토,66.77026741253901,76.49222793756591,66.43227972486079,57.76955602536998,40.85026030035038,1.9930675909878737,78.62385321100918,1.171305358215124,3.4722222222222223,3.8194444444444446,중립,상승확률(66.8)과 투자적합성(76.5)이 모두 높고 과열 가능성(40.9)이 과하지 않음,단지 단계에서 상품성·호가·매수 실행 가능성을 추가 점검
우선 매수 검토,지방광역시,광주광역시,남구,상승,우선 검토,64.0732299765577,57.84598624560952,69.49989081777485,75.35940803382664,35.26679297064983,12.5,87.5912408759124,0.92010970538795,2.681992337164751,4.597701149425287,중립,상승확률(64.1)과 투자적합성(57.8)이 모두 높고 과열 가능성(35.3)이 과하지 않음,단지 단계에서 상품성·호가·매수 실행 가능성을 추가 점검
우선 매수 검토,지방광역시,부산광역시,동래구,상승,우선 검토,63.80000721360296,74.28041676393484,60.421361502347416,85.78224101479915,42.85483602814916,27.13097713097714,76.7464114832536,0.7793256050210835,2.1621621621621623,5.135135135135135,중립,사람 검증셋에서 우선검토로 표시됨. 부산 내 선호와 유동성이 높은 축에 속해 핵심 생활권 예시로 우선 검토가 타당,실거래 흐름과 실제 매수 가능 단지를 함께 점검
우선 매수 검토,지방광역시,부산광역시,연제구,상승,우선 검토,62.66877712407498,67.26709974482198,50.323220329730326,86.77589852008455,57.57242751789099,41.3978494623656,64.88117001828154,0.9693686630196546,1.706484641638225,10.580204778156997,중립,상승확률(62.7)과 투자적합성(67.3)이 모두 높고 과열 가능성(57.6)이 과하지 않음,단지 단계에서 상품성·호가·매수 실행 가능성을 추가 점검
우선 매수 검토,지방광역시,부산광역시,부산진구,상승,우선 검토,61.42673818845638,73.2300546580051,53.85709411507807,76.0676532769556,44.392676354107735,36.51551312649164,71.5657894736842,1.9390608614595872,0.6276150627615062,3.3472803347280333,중립,사람 검증셋에서 우선검토로 표시됨. 부산 핵심 생활권 접근성과 시장 규모가 충분해 우선 검토군 예시로 적절,실거래 흐름과 실제 매수 가능 단지를 함께 점검
회피,기타지방,전라남도,목포시,상승,즉시 제외,69.05987786934796,42.94506561912198,67.93330330822143,84.7463002114165,36.32598090303626,15.91695501730104,100.83733333333332,0.0972357271843311,3.2653061224489797,5.3061224489795915,중립,사람 검증셋에서 제외우선으로 표시됨. 반등 가능성과 별개로 투자 효율과 출구 전략 관점에서 우선 검토 대상으로 보기 어렵다는 초기 판단,"거래 회복, 임차 지지, 공급 압박 완화가 실제로 확인되면 재검토"
회피,기타지방,전라남도,화순군,상승,즉시 제외,66.64759946263356,22.161486633340576,58.25689212796157,68.37209302325581,26.368235251301087,10.44776119402986,80.84358523725835,,0.0,2.7777777777777777,중립,사람 검증셋에서 제외우선으로 표시됨. 표본과 시장 규모가 작고 투자 적합성이 낮아 현 단계에서는 제외우선이 타당하다는 초기 판단,"거래 회복, 임차 지지, 공급 압박 완화가 실제로 확인되면 재검토"
회피,기타지방,강원특별자치도,태백시,상승,즉시 제외,66.52884456459765,2.5330242217875343,77.28410579757616,40.46511627906977,29.525748808094047,0.0,133.6551724137931,,2.5,5.0,중립,사람 검증셋에서 제외우선으로 표시됨. 사용자 경험상 투자 매력과 출구 전략이 약한 지역으로 분류,"거래 회복, 임차 지지, 공급 압박 완화가 실제로 확인되면 재검토"
회피,기타지방,전북특별자치도,익산시,상승,즉시 제외,65.45291946533028,45.21405706220602,64.19355278960585,73.78435517970402,24.965308588670855,13.052208835341371,97.5251798561151,1.0560796645702306,0.8333333333333334,1.6666666666666667,중립,사람 검증셋에서 제외우선으로 표시됨. 사용자 경험상 투자 효율이 낮고 우선 검토 대상으로 보기 어렵다고 판단,"거래 회복, 임차 지지, 공급 압박 완화가 실제로 확인되면 재검토"
회피,기타지방,충청남도,홍성군,상승,즉시 제외,64.5761336121436,20.24668550315149,54.50571841904137,64.18604651162791,35.245769188776066,8.74125874125875,86.02150537634408,,0.0,3.3333333333333335,중립,사람 검증셋에서 제외우선으로 표시됨. 방향성 신호가 있어도 투자 적합성과 출구 전략 측면에서 우선 검토보다는 제외 쪽이 타당하다는 초기 판단,"거래 회복, 임차 지지, 공급 압박 완화가 실제로 확인되면 재검토"
회피,기타지방,경상남도,밀양시,상승,즉시 제외,64.29310197514339,16.615845723286135,80.2041980565564,69.4186046511628,28.46311998133977,10.98265895953756,124.42396313364056,1.380952380952381,2.702702702702702,5.405405405405405,중립,투자적합성 낮음(16.6),임차 지지와 공급 압박 완화가 확인되면 재검토
회피,기타지방,충청남도,서산시,상승,즉시 제외,62.00858007173613,35.056254544771534,48.717572879135275,67.80126849894292,28.43283183952198,9.671532846715335,71.91489361702128,1.4006559169171904,0.0,0.0,중립,투자적합성 낮음(35.1),임차 지지와 공급 압박 완화가 확인되면 재검토
회피,기타지방,전북특별자치도,김제시,상승,즉시 제외,61.53637394921698,8.807156790928435,58.36076536739819,40.507399577167014,31.971457533077253,8.92857142857142,88.69047619047619,6.3099237892321565,0.0,0.0,중립,사람 검증셋에서 제외우선으로 표시됨. 거래와 비교 표본이 제한적이고 투자 적합성이 낮아 현 단계에서는 제외우선으로 보는 편이 안전,"거래 회복, 임차 지지, 공급 압박 완화가 실제로 확인되면 재검토"
회피,기타지방,충청북도,음성군,상승,즉시 제외,59.96091747089661,14.19582699413171,55.31352358336063,83.25581395348837,33.00590493867598,19.11764705882353,83.33333333333333,,0.0,3.225806451612903,중립,투자적합성 낮음(14.2),임차 지지와 공급 압박 완화가 확인되면 재검토
회피,기타지방,충청남도,당진시,상승,즉시 제외,59.82675190528257,31.11272106707881,58.50865269134184,49.76744186046512,14.249608763693267,3.584905660377369,90.33816425120771,,0.0,0.0,중립,투자적합성 낮음(31.1),임차 지지와 공급 압박 완화가 확인되면 재검토
회피,기타지방,경상남도,사천시,상승,즉시 제외,59.55735375179998,13.800676718158426,60.97050715143574,70.03171247357294,14.308861626418128,1.6949152542372836,97.18670076726345,0.0,0.0,1.342281879194631,중립,투자적합성 낮음(13.8),임차 지지와 공급 압박 완화가 확인되면 재검토
회피,기타지방,강원특별자치도,고성군,상승,즉시 제외,59.26031779939269,16.454031732232124,52.545037667867675,98.6046511627907,22.20109546165884,63.63636363636365,70.9812108559499,,0.0,0.0,중립,"신뢰도 낮음, 비교단지 부족(18), 투자적합성 낮음(16.5)",거래량과 비교 단지 표본이 쌓이면 재검토
회피,기타지방,충청북도,보은군,상승,즉시 제외,58.87218036903592,3.492718974136057,51.98493285293154,82.7906976744186,10.164319248826292,19.047619047619047,,,0.0,0.0,중립,사람 검증셋에서 제외우선으로 표시됨. 거래량과 비교 표본이 매우 부족해 투자 판단 기준 지역으로 삼기 어렵다는 초기 판단,"거래 회복, 임차 지지, 공급 압박 완화가 실제로 확인되면 재검토"
회피,기타지방,충청남도,논산시,상승,즉시 제외,58.263920198102674,15.769733364459148,53.60196255049678,31.405919661733616,31.048442168160477,-7.14285714285714,91.29083665338644,3.176349765258216,0.0,0.0,중립,투자적합성 낮음(15.8),임차 지지와 공급 압박 완화가 확인되면 재검토
회피,기타지방,전라남도,무안군,상승,즉시 제외,57.94044746515267,31.92349489241469,59.88453979692106,53.48837209302325,63.50036394075045,4.79041916167664,80.78994614003591,,5.660377358490566,7.547169811320755,중립,투자적합성 낮음(31.9),임차 지지와 공급 압박 완화가 확인되면 재검토
회피,기타지방,경상남도,거창군,상승,즉시 제외,57.92165386544635,18.41664855466203,36.20642264439349,93.02325581395348,71.97041161698876,33.74999999999999,81.12648221343873,,0.0,10.38961038961039,중립,투자적합성 낮음(18.4),임차 지지와 공급 압박 완화가 확인되면 재검토
회피,기타지방,경상북도,경산시,상승,즉시 제외,57.15101648028249,49.16070312143629,48.9941451031772,64.34460887949261,39.76831035543777,7.585139318885448,52.68318584070797,1.4794368210973647,0.8547008547008547,0.8547008547008547,중립,투자적합성 낮음(49.2),임차 지지와 공급 압박 완화가 확인되면 재검토
회피,기타지방,경상남도,창원시 마산회원구,상승,즉시 제외,56.17037049168395,43.23407954792437,53.124290315536626,76.27906976744187,64.52953379189869,14.603960396039597,121.9600725952813,,1.477832512315271,11.330049261083744,중립,투자적합성 낮음(43.2),임차 지지와 공급 압박 완화가 확인되면 재검토
회피,기타지방,경상남도,함양군,상승,즉시 제외,55.979773280735984,16.235600956313842,39.89538978054373,73.95348837209302,39.06729264475744,13.33333333333333,87.61904761904762,,0.0,0.0,중립,"신뢰도 낮음, 거래량 부족(32), 비교단지 부족(22), 투자적합성 낮음(16.2)",거래량과 비교 단지 표본이 쌓이면 재검토
회피,기타지방,경상북도,청도군,상승,즉시 제외,55.757910252210934,4.434905455335796,39.77836008297849,82.32558139534883,28.474178403755868,18.75,,,0.0,0.0,중립,"신뢰도 낮음, 거래량 부족(35), 비교단지 부족(22), 투자적합성 낮음(4.4)",거래량과 비교 단지 표본이 쌓이면 재검토
회피,기타지방,경상남도,창원시 진해구,상승,즉시 제외,55.70029092315945,34.70223864377309,39.89128179932307,61.86046511627907,44.26656840266404,7.259953161592514,54.003861003861005,,0.0,1.1049723756906078,중립,투자적합성 낮음(34.7),임차 지지와 공급 압박 완화가 확인되면 재검토
회피,기타지방,경상북도,포항시 남구,상승,즉시 제외,55.24015402605499,29.569658769832643,65.0090621246861,33.48837209302326,43.87696982931178,-2.576112412177989,69.91162790697675,,2.0905923344947737,4.878048780487805,중립,투자적합성 낮음(29.6),임차 지지와 공급 압박 완화가 확인되면 재검토
회피,기타지방,경상북도,칠곡군,보합,즉시 제외,54.7834202597904,16.989784829384917,68.28949666994214,13.953488372093023,32.37127415656731,-16.82242990654206,89.3854748603352,,2.061855670103093,3.0927835051546393,중립,투자적합성 낮음(17.0),임차 지지와 공급 압박 완화가 확인되면 재검토
회피,기타지방,경상남도,함안군,보합,즉시 제외,54.64067628103188,10.475983481851772,76.69401681406268,42.32558139534884,24.110983731848453,1.265822784810133,120.0,,1.8867924528301887,3.7735849056603774,중립,투자적합성 낮음(10.5),임차 지지와 공급 압박 완화가 확인되면 재검토
회피,기타지방,경상북도,상주시,보합,즉시 제외,54.35983163520689,10.424330727887924,59.49046020307894,41.86046511627907,12.940532081377151,1.17647058823529,116.27906976744184,,0.0,0.0,중립,투자적합성 낮음(10.4),임차 지지와 공급 압박 완화가 확인되면 재검토
회피,기타지방,충청남도,예산군,보합,즉시 제외,54.24628081035363,16.30297761356227,55.4840048040179,49.30232558139535,45.181697419660075,3.571428571428581,75.75757575757575,,0.0,8.928571428571429,중립,투자적합성 낮음(16.3),임차 지지와 공급 압박 완화가 확인되면 재검토
회피,기타지방,경상북도,영천시,보합,즉시 제외,54.224561812699214,16.495313686504005,72.82298831750191,8.837209302325581,15.9390217272628,-20.88607594936709,106.12244897959184,,1.3333333333333333,1.3333333333333333,중립,투자적합성 낮음(16.5),임차 지지와 공급 압박 완화가 확인되면 재검토
회피,기타지방,강원특별자치도,홍천군,보합,즉시 제외,54.01589230360254,20.302108237339706,54.563817010590675,79.53488372093022,19.5093896713615,17.14285714285715,92.98245614035088,,0.0,0.0,중립,"신뢰도 낮음, 비교단지 부족(40), 투자적합성 낮음(20.3)",거래량과 비교 단지 표본이 쌓이면 재검토
회피,기타지방,충청북도,제천시,보합,즉시 제외,53.73235883977799,30.500642640757107,63.293031444480846,63.72093023255814,32.75415802307384,8.59106529209621,103.58565737051792,,1.851851851851852,1.851851851851852,중립,투자적합성 낮음(30.5),임차 지지와 공급 압박 완화가 확인되면 재검토
회피,기타지방,전라남도,여수시,보합,즉시 제외,53.71414766322946,43.79305625991129,55.732817447319576,32.938689217758984,41.81399319099941,-0.6622516556291425,76.53731343283582,4.056111854552166,0.5714285714285714,1.1428571428571428,중립,투자적합성 낮음(43.8),임차 지지와 공급 압박 완화가 확인되면 재검토
회피,기타지방,전북특별자치도,완주군,보합,즉시 제외,53.495712152931056,40.095631384481635,35.56616442843105,71.16279069767441,44.839593114241005,11.988304093567258,80.2247191011236,,0.0,0.0,중립,투자적합성 낮음(40.1),임차 지지와 공급 압박 완화가 확인되면 재검토
회피,기타지방,경상북도,영주시,보합,즉시 제외,53.222394306019886,12.173467389000246,62.15462932634567,39.74630021141649,50.47674790816782,6.20155038759691,96.32022471910112,4.63182176895526,1.098901098901099,4.395604395604396,중립,투자적합성 낮음(12.2),임차 지지와 공급 압박 완화가 확인되면 재검토
회피,기타지방,전북특별자치도,정읍시,보합,즉시 제외,53.20774338273961,22.93902828424309,47.47138060923682,91.6279069767442,49.43108781890309,33.00970873786409,75.86206896551724,,1.3157894736842106,1.3157894736842106,중립,투자적합성 낮음(22.9),임차 지지와 공급 압박 완화가 확인되면 재검토
회피,기타지방,경상북도,포항시 북구,보합,즉시 제외,52.84641350631595,47.25603129754401,52.47061633366088,60.23255813953489,61.835207628198134,6.962025316455689,78.02874743326488,,3.0120481927710845,3.9156626506024095,중립,투자적합성 낮음(47.3),임차 지지와 공급 압박 완화가 확인되면 재검토
회피,기타지방,경상북도,예천군,보합,즉시 제외,52.69710411553695,28.67094109976092,56.558651326564046,58.139534883720934,37.62480438184664,6.282722513089012,75.0,,2.857142857142857,0.0,중립,"신뢰도 낮음, 비교단지 부족(35), 투자적합성 낮음(28.7)",거래량과 비교 단지 표본이 쌓이면 재검토
회피,기타지방,충청남도,천안시 동남구,보합,즉시 제외,52.63356305906442,41.20517278852424,61.56743367179823,45.58139534883721,36.062706991301816,2.5039123630672844,84.33734939759036,,1.7316017316017316,2.1645021645021645,중립,투자적합성 낮음(41.2),임차 지지와 공급 압박 완화가 확인되면 재검토
회피,기타지방,전라남도,나주시,보합,즉시 제외,52.31876958776829,28.66239491683236,62.35384594388034,77.5475687103594,52.36526913418496,20.74303405572755,60.17355371900826,1.229880966504528,6.451612903225806,6.451612903225806,중립,투자적합성 낮음(28.7),임차 지지와 공급 압박 완화가 확인되면 재검토
회피,기타지방,충청남도,아산시,보합,즉시 제외,52.17308962057762,47.44575119203822,62.51907959384212,19.957716701902747,47.62286846519569,-1.5810276679841917,93.30628803245436,15.64888222269838,1.3840830449826989,1.7301038062283738,중립,투자적합성 낮음(47.4),임차 지지와 공급 압박 완화가 확인되면 재검토
회피,기타지방,경상남도,거제시,보합,즉시 제외,51.61954824403862,41.15852431436,58.00738344797467,60.23255813953489,50.57688248353168,6.962025316455689,87.5,,2.112676056338028,3.8732394366197185,중립,투자적합성 낮음(41.2),임차 지지와 공급 압박 완화가 확인되면 재검토
회피,기타지방,경상남도,고성군,보합,즉시 제외,51.408243637761856,12.827646163877418,40.11193907631837,56.27906976744186,66.45297885504239,5.882352941176472,91.95402298850574,,0.0,9.67741935483871,중립,"신뢰도 낮음, 비교단지 부족(31), 투자적합성 낮음(12.8)",거래량과 비교 단지 표본이 쌓이면 재검토
회피,기타지방,강원특별자치도,강릉시,보합,즉시 제외,51.24141075326481,41.813615397618875,65.22851839720494,22.547568710359407,39.78129435527896,-6.987951807228921,91.06239460370996,4.81306657713349,0.4048582995951417,3.2388663967611335,중립,투자적합성 낮음(41.8),임차 지지와 공급 압박 완화가 확인되면 재검토
회피,기타지방,충청북도,청주시 서원구,보합,즉시 제외,50.73916790485639,48.93066724625082,59.35301342941369,28.837209302325583,49.557902973395926,-4.778761061946901,87.79714738510302,,1.2121212121212122,6.0606060606060606,중립,투자적합성 낮음(48.9),임차 지지와 공급 압박 완화가 확인되면 재검토
회피,기타지방,전라남도,광양시,보합,즉시 제외,50.334856058076696,27.698138622575343,62.17168904902282,46.54334038054968,42.58442391487757,5.735660847880308,85.71428571428571,3.377904712449695,2.3622047244094486,1.5748031496062993,중립,투자적합성 낮음(27.7),임차 지지와 공급 압박 완화가 확인되면 재검토
회피,기타지방,전라남도,강진군,보합,즉시 제외,50.20600758579112,14.36209519669637,55.18118790260945,2.3255813953488373,18.686228482003127,-41.666666666666664,94.6788990825688,,0.0,0.0,중립,"신뢰도 낮음, 거래량 부족(38), 비교단지 부족(25), 투자적합성 낮음(14.4)",거래량과 비교 단지 표본이 쌓이면 재검토
회피,기타지방,경상남도,창녕군,보합,즉시 제외,50.01688795846645,6.281243207998261,54.95832878407395,87.90697674418605,34.89027186374059,26.315789473684205,,,0.0,4.3478260869565215,중립,"신뢰도 낮음, 비교단지 부족(46), 투자적합성 낮음(6.3)",거래량과 비교 단지 표본이 쌓이면 재검토
회피,기타지방,강원특별자치도,횡성군,보합,즉시 제외,49.79634239545802,9.792436426863723,48.69854787640572,66.04651162790698,15.093896713615024,9.375,,,0.0,0.0,중립,"신뢰도 낮음, 비교단지 부족(27), 투자적합성 낮음(9.8)",거래량과 비교 단지 표본이 쌓이면 재검토
회피,기타지방,충청남도,계룡시,보합,즉시 제외,49.64663717475912,12.055940603357833,41.47226771481603,40.90909090909091,52.49631882202305,17.582417582417587,63.18367346938776,28.86706418800421,0.0,0.0,중립,"신뢰도 낮음, 비교단지 부족(37), 투자적합성 낮음(12.1)",거래량과 비교 단지 표본이 쌓이면 재검토
회피,기타지방,충청북도,충주시,보합,즉시 제외,49.19217446207135,39.7076319962649,52.60545638170106,55.095137420718814,44.73522317839383,3.482587064676612,89.50086058519794,1.8319454958364876,1.1299435028248588,2.824858757062147,중립,투자적합성 낮음(39.7),임차 지지와 공급 압박 완화가 확인되면 재검토
회피,기타지방,충청남도,태안군,보합,즉시 제외,49.12112422088988,17.72766789828298,58.288991702150895,69.30232558139535,35.31768388106416,11.111111111111116,83.49900596421472,,2.857142857142857,0.0,중립,"신뢰도 낮음, 비교단지 부족(35), 투자적합성 낮음(17.7)",거래량과 비교 단지 표본이 쌓이면 재검토
회피,기타지방,충청남도,공주시,보합,즉시 제외,48.85108435235546,17.08246462792576,42.46463860683481,63.07610993657505,42.746019811611035,11.570247933884303,63.82978723404256,2.016862291287816,0.0,1.2987012987012987,중립,투자적합성 낮음(17.1),임차 지지와 공급 압박 완화가 확인되면 재검토
회피,기타지방,강원특별자치도,평창군,보합,즉시 제외,48.60512064635877,36.20191262768963,33.83156822069367,84.65116279069768,37.3943661971831,22.72727272727273,,,0.0,0.0,중립,"신뢰도 낮음, 거래량 부족(49), 비교단지 부족(31), 투자적합성 낮음(36.2)",거래량과 비교 단지 표본이 쌓이면 재검토
회피,기타지방,경상남도,통영시,보합,즉시 제외,48.389508610459345,18.439684341299937,63.76377743203406,32.01902748414376,38.13821291030184,-13.043478260869568,76.19047619047619,2.8360049321824907,1.1560693641618498,2.8901734104046244,중립,투자적합성 낮음(18.4),임차 지지와 공급 압박 완화가 확인되면 재검토
회피,기타지방,충청남도,부여군,보합,즉시 제외,47.255497325035485,24.516409476200824,25.537358518033265,92.09302325581396,49.835680751173705,33.33333333333333,,,0.0,0.0,중립,"신뢰도 낮음, 비교단지 부족(24), 투자적합성 낮음(24.5)",거래량과 비교 단지 표본이 쌓이면 재검토
회피,기타지방,충청북도,증평군,보합,즉시 제외,46.891160464641565,15.39013257987394,50.05269407140517,50.23255813953489,60.09786366779488,4.166666666666674,80.64516129032258,,2.9411764705882355,2.9411764705882355,중립,"신뢰도 낮음, 비교단지 부족(34), 투자적합성 낮음(15.4)",거래량과 비교 단지 표본이 쌓이면 재검토
회피,기타지방,강원특별자치도,동해시,보합,즉시 제외,46.606291424572944,28.844105280387243,37.49792553772246,89.1014799154334,55.28144324013141,18.085106382978733,60.796039603960395,0.0,0.7751937984496124,4.651162790697675,중립,투자적합성 낮음(28.8),임차 지지와 공급 압박 완화가 확인되면 재검토
회피,기타지방,경상북도,김천시,보합,즉시 제외,46.60037443701266,34.27558689603173,49.321330112457694,32.55813953488372,53.47611638825199,-3.2163742690058506,83.33333333333333,,0.7575757575757576,3.787878787878788,중립,투자적합성 낮음(34.3),임차 지지와 공급 압박 완화가 확인되면 재검토
회피,기타지방,전북특별자치도,남원시,하락,즉시 제외,44.21262333767424,11.192333389681792,58.86839447537941,6.046511627906977,13.769953051643194,-27.083333333333336,90.75829383886256,,0.0,0.0,중립,투자적합성 낮음(11.2),임차 지지와 공급 압박 완화가 확인되면 재검토
회피,기타지방,강원특별자치도,속초시,하락,즉시 제외,44.12896367751435,36.060840236019544,62.279404138006335,23.07610993657505,44.09404497811393,-4.524886877828049,76.47058823529412,6.63218429917991,0.8264462809917356,2.479338842975207,중립,투자적합성 낮음(36.1),임차 지지와 공급 압박 완화가 확인되면 재검토
회피,기타지방,충청북도,진천군,하락,즉시 제외,43.578103615514,29.374049119756577,41.83693634676275,61.395348837209305,69.81189722313208,7.222222222222219,65.81352833638026,,1.0526315789473684,5.2631578947368425,중립,투자적합성 낮음(29.4),임차 지지와 공급 압박 완화가 확인되면 재검토
회피,기타지방,전라남도,해남군,하락,즉시 제외,43.006821357309114,9.789176266029123,54.33235069330713,81.86046511627907,49.78272737198384,18.181818181818187,,,0.0,11.904761904761903,중립,"신뢰도 낮음, 비교단지 부족(42), 투자적합성 낮음(9.8)",거래량과 비교 단지 표본이 쌓이면 재검토
회피,기타지방,경상북도,경주시,하락,즉시 제외,42.27847859052604,38.272812405247386,30.4945681842996,68.48837209302326,62.475075434991915,3.010752688172036,34.97241379310345,0.3064977523498161,1.9011406844106464,2.661596958174905,중립,투자적합성 낮음(38.3),임차 지지와 공급 압박 완화가 확인되면 재검토
회피,기타지방,전라남도,영광군,하락,즉시 제외,40.73649017122621,21.36057378830689,24.44233813735124,60.93023255813953,59.671361502347416,7.14285714285714,30.0,,0.0,0.0,중립,"신뢰도 낮음, 비교단지 부족(38), 투자적합성 낮음(21.4)",거래량과 비교 단지 표본이 쌓이면 재검토
회피,기타지방,전라남도,고흥군,하락,즉시 제외,40.243519186402544,15.409693544881549,36.77131782945737,31.16279069767442,33.0,-4.347826086956519,67.21818181818182,,0.0,0.0,중립,"신뢰도 낮음, 거래량 부족(45), 비교단지 부족(33), 투자적합성 낮음(15.4)",거래량과 비교 단지 표본이 쌓이면 재검토
회피,기타지방,경상북도,문경시,하락,즉시 제외,38.10323350807764,10.15667554825709,68.27856025039124,21.3953488372093,28.86341303635768,-8.62068965517241,,,1.5625,3.125,중립,투자적합성 낮음(10.2),임차 지지와 공급 압박 완화가 확인되면 재검토
회피,기타지방,강원특별자치도,영월군,하락,즉시 제외,37.28516213560432,17.633123234079548,56.297630745714606,4.651162790697675,39.74178403755869,-34.78260869565217,,,4.0,0.0,중립,"신뢰도 낮음, 거래량 부족(38), 비교단지 부족(25), 투자적합성 낮음(17.6)",거래량과 비교 단지 표본이 쌓이면 재검토
회피,기타지방,강원특별자치도,삼척시,하락,즉시 제외,36.49844711756288,23.9420040195234,34.290342832186916,52.55813953488372,46.54068857589984,4.4117647058823595,80.59701492537313,,0.0,0.0,중립,투자적합성 낮음(23.9),임차 지지와 공급 압박 완화가 확인되면 재검토
회피,기타지방,충청북도,옥천군,하락,즉시 제외,36.00466689136052,19.36644207780917,70.04097062998143,3.720930232558139,25.61737089201878,-38.0,76.04562737642586,,6.25,0.0,중립,"신뢰도 낮음, 비교단지 부족(32), 투자적합성 낮음(19.4)",거래량과 비교 단지 표본이 쌓이면 재검토
회피,기타지방,충청북도,단양군,하락,즉시 제외,35.920537176547654,23.125407520104325,54.16821341485606,7.441860465116279,45.61032863849765,-23.809523809523817,,,5.555555555555555,0.0,중립,"신뢰도 낮음, 거래량 부족(37), 비교단지 부족(18), 투자적합성 낮음(23.1)",거래량과 비교 단지 표본이 쌓이면 재검토
회피,기타지방,전북특별자치도,부안군,하락,즉시 제외,33.972802707719175,6.761573570962834,24.59839138188303,6.511627906976744,51.244131455399064,-26.66666666666667,,,0.0,0.0,중립,"신뢰도 낮음, 비교단지 부족(21), 투자적합성 낮음(6.8)",거래량과 비교 단지 표본이 쌓이면 재검토
회피,기타지방,전라남도,담양군,하락,즉시 제외,33.10945264893484,13.77526624646816,50.10699858063108,20.46511627906977,12.981220657276996,-9.090909090909092,,,0.0,0.0,중립,"신뢰도 낮음, 거래량 부족(42), 비교단지 부족(12), 투자적합성 낮음(13.8)",거래량과 비교 단지 표본이 쌓이면 재검토
회피,기타지방,제주특별자치도,서귀포시,하락,즉시 제외,32.3901715558678,34.78205221087203,25.872502456600067,63.95348837209302,56.632024883621675,3.472222222222232,60.60606060606061,0.8505611340815121,0.0,2.3255813953488373,중립,투자적합성 낮음(34.8),임차 지지와 공급 압박 완화가 확인되면 재검토
회피,기타지방,경상북도,안동시,하락,즉시 제외,30.990092878494664,37.38366055688377,25.30384048476908,41.987315010570825,56.846564233888174,-2.066115702479343,57.142857142857146,2.4534737597989347,0.0,0.0,중립,투자적합성 낮음(37.4),임차 지지와 공급 압박 완화가 확인되면 재검토
회피,기타지방,충청남도,금산군,하락,즉시 제외,30.204188609920383,21.239947837426648,20.563230156130583,11.16279069767442,64.84350547730828,-18.42105263157895,56.074766355140184,,0.0,0.0,중립,"신뢰도 낮음, 비교단지 부족(29), 투자적합성 낮음(21.2)",거래량과 비교 단지 표본이 쌓이면 재검토
회피,기타지방,경상북도,성주군,하락,즉시 제외,27.570125211441663,9.22625516192132,31.484150380318084,40.46511627906977,40.91549295774648,0.0,,,0.0,0.0,중립,"신뢰도 낮음, 거래량 부족(32), 비교단지 부족(16), 투자적합성 낮음(9.2)",거래량과 비교 단지 표본이 쌓이면 재검토
회피,기타지방,충청남도,보령시,하락,즉시 제외,27.54947821709119,23.176523622078935,33.49242548313135,19.30232558139535,70.87256697336946,-12.34567901234568,52.73833671399594,5.001287664177182,1.2987012987012987,1.2987012987012987,중립,투자적합성 낮음(23.2),임차 지지와 공급 압박 완화가 확인되면 재검토
회피,기타지방,강원특별자치도,양양군,하락,즉시 제외,21.558278940014652,20.065203216692023,22.563962586890852,9.767441860465116,54.29577464788733,-19.23076923076923,,,0.0,0.0,중립,"신뢰도 낮음, 비교단지 부족(28), 투자적합성 낮음(20.1)",거래량과 비교 단지 표본이 쌓이면 재검토
회피,수도권,경기도,화성시 효행구,상승,즉시 제외,56.23029051965992,45.20539013257987,74.11110656185174,37.67441860465116,45.22928267278087,-1.0570824524312905,88.99371069182389,,3.3707865168539324,12.359550561797754,중립,투자적합성 낮음(45.2),임차 지지와 공급 압박 완화가 확인되면 재검토
회피,수도권,경기도,가평군,상승,즉시 제외,55.47838927537815,16.780047815692242,50.16076987709879,68.63910422049958,32.58185343947744,4.347826086956519,88.66666666666667,,0.0,0.0,중립,"신뢰도 낮음, 비교단지 부족(49), 투자적합성 낮음(16.8)",거래량과 비교 단지 표본이 쌓이면 재검토
회피,수도권,경기도,이천시,보합,즉시 제외,53.03041259468993,31.7806381328804,64.77833824653347,42.645838227233575,42.517681824007745,-0.9771986970684045,84.375,34.96220542463317,0.970873786407767,1.4563106796116505,수도권 공급 부담 경계,투자적합성 낮음(31.8),임차 지지와 공급 압박 완화가 확인되면 재검토
회피,수도권,경기도,안성시,보합,즉시 제외,52.15376727792528,23.662971817720784,65.29564434127515,37.660846187977974,34.67268016901236,-5.722070844686645,86.95652173913044,13.210069057696591,0.0,1.6666666666666667,수도권 공급 부담 경계,투자적합성 낮음(23.7),임차 지지와 공급 압박 완화가 확인되면 재검토
회피,수도권,경기도,부천시 오정구,보합,즉시 제외,52.08017873446724,37.58096066072593,61.9273119336172,10.69767441860465,26.203024347636205,-18.75,76.25,,0.591715976331361,1.7751479289940828,중립,투자적합성 낮음(37.6),임차 지지와 공급 압박 완화가 확인되면 재검토
회피,수도권,인천광역시,강화군,보합,즉시 제외,51.929380106049166,4.88698109106716,66.45348837209302,25.27993109388458,3.656494522691706,-8.823529411764708,154.34083601286173,,0.0,0.0,중립,"신뢰도 낮음, 비교단지 부족(23), 투자적합성 낮음(4.9)",거래량과 비교 단지 표본이 쌓이면 재검토
회피,수도권,서울특별시,금천구,보합,즉시 제외,50.84088604012947,47.27150029113371,36.57320668195218,50.30275624461671,53.08248344896724,-6.043956043956045,63.559322033898304,2.410582740352967,0.0,2.272727272727273,중립,투자적합성 낮음(47.3),임차 지지와 공급 압박 완화가 확인되면 재검토
회피,수도권,경기도,양평군,보합,즉시 제외,49.92830525451326,42.93088459030646,41.13829590281832,72.79500430663222,62.29017846546756,3.267973856209161,65.21739130434783,,0.0,7.462686567164179,중립,투자적합성 낮음(42.9),임차 지지와 공급 압박 완화가 확인되면 재검토
회피,수도권,인천광역시,중구,보합,즉시 제외,49.13439190990879,49.77125208958868,52.47408286930887,32.46300211416491,48.15940853010948,-1.2787723785166238,65.0,4.007073844030366,1.1363636363636365,1.1363636363636365,중립,투자적합성 낮음(49.8),임차 지지와 공급 압박 완화가 확인되면 재검토
회피,수도권,경기도,동두천시,하락,즉시 제외,44.41594856343619,18.188531210338063,42.67653056864951,61.180017226528854,67.69296652852742,-4.61538461538461,76.74943566591422,,1.098901098901099,5.4945054945054945,중립,투자적합성 낮음(18.2),임차 지지와 공급 압박 완화가 확인되면 재검토
회피,수도권,서울특별시,중구,하락,즉시 제외,42.59461946715957,49.44220392238939,44.09844142373622,29.893665335525803,46.52447915115783,-29.218106995884774,58.175210084033615,2.00557788532524,0.0,3.076923076923077,중립,투자적합성 낮음(49.4),임차 지지와 공급 압박 완화가 확인되면 재검토
회피,수도권,경기도,여주시,하락,즉시 제외,41.06603962054885,24.82039599550286,34.693980736457846,46.06217210868374,57.89590825585926,-6.214689265536721,66.5625,5.042292308701069,0.0,0.0,중립,투자적합성 낮음(24.8),임차 지지와 공급 압박 완화가 확인되면 재검토
회피,수도권,서울특별시,종로구,하락,즉시 제외,39.22534588216864,41.58545780439572,51.11663391199913,15.395923054837782,28.67927721366961,-17.68707482993197,65.42056074766356,,0.0,0.8771929824561403,중립,투자적합성 낮음(41.6),임차 지지와 공급 압박 완화가 확인되면 재검토
회피,수도권,인천광역시,동구,하락,즉시 제외,39.00583276452606,25.877063762306097,42.894802926083635,45.71163834729726,27.21014724711908,-19.047619047619047,74.19354838709677,0.0,0.0,0.0,중립,투자적합성 낮음(25.9),임차 지지와 공급 압박 완화가 확인되면 재검토
회피,수도권,경기도,포천시,하락,즉시 제외,36.59863728847262,20.704650894464702,41.85276824411246,52.10163652024117,47.44359966675686,-21.89349112426036,64.8854961832061,,0.0,1.2820512820512822,중립,투자적합성 낮음(20.7),임차 지지와 공급 압박 완화가 확인되면 재검토
회피,수도권,경기도,연천군,하락,즉시 제외,34.14936955967916,25.45207563573136,24.35233958520249,85.11627906976744,64.84239130434783,11.538461538461542,52.94117647058823,,0.0,0.0,중립,"신뢰도 낮음, 비교단지 부족(29), 투자적합성 낮음(25.5)",거래량과 비교 단지 표본이 쌓이면 재검토
회피,지방광역시,울산광역시,동구,상승,즉시 제외,62.65097423582392,42.13372830919741,68.75822961021946,68.4566596194503,30.157502803998057,2.19780219780219,96.66666666666669,0.0856775667571041,2.0100502512562812,4.522613065326633,중립,투자적합성 낮음(42.1),임차 지지와 공급 압박 완화가 확인되면 재검토
회피,지방광역시,부산광역시,서구,상승,즉시 제외,61.99556908993187,40.383572009305546,56.03447428758598,88.37209302325581,21.502001674127452,27.118644067796605,80.91517857142857,,0.0,0.6410256410256411,중립,투자적합성 낮음(40.4),임차 지지와 공급 압박 완화가 확인되면 재검토
회피,지방광역시,부산광역시,기장군,보합,즉시 제외,54.04217657738706,27.58522704404034,69.26078174473196,40.8985200845666,54.247973925299505,16.991643454039007,81.81818181818181,18.2527617310226,4.0,3.3333333333333335,중립,투자적합성 낮음(27.6),임차 지지와 공급 압박 완화가 확인되면 재검토
회피,지방광역시,부산광역시,중구,보합,즉시 제외,54.02057821218588,2.971576227390181,32.906976744186046,54.418604651162795,10.0,5.263157894736836,,,0.0,0.0,중립,"신뢰도 낮음, 거래량 부족(39), 투자적합성 낮음(3.0)",거래량과 비교 단지 표본이 쌓이면 재검토
회피,지방광역시,부산광역시,강서구,보합,즉시 제외,53.88564846497799,48.0148706266217,59.53593459984715,39.22832980972515,69.80791620760505,12.702702702702704,36.69879518072289,12.133682830930535,6.896551724137931,5.172413793103448,중립,투자적합성 낮음(48.0),임차 지지와 공급 압박 완화가 확인되면 재검토
회피,지방광역시,대전광역시,대덕구,보합,즉시 제외,53.655727069706835,41.698181554734475,54.0514930669287,53.35095137420719,30.49848881874758,5.277777777777781,86.4381520119225,2.354735260478572,0.0,0.6622516556291391,중립,투자적합성 낮음(41.7),임차 지지와 공급 압박 완화가 확인되면 재검토
회피,지방광역시,대전광역시,동구,보합,즉시 제외,50.82051717299264,49.41563964892227,56.31052789605853,42.55813953488372,37.124232002302755,2.3622047244094446,84.84848484848484,3.155869367279974,0.591715976331361,0.591715976331361,중립,투자적합성 낮음(49.4),임차 지지와 공급 압박 완화가 확인되면 재검토
회피,지방광역시,부산광역시,사상구,보합,즉시 제외,48.3882139063439,36.724383588108864,46.74808931106016,64.2600422832981,40.95199828286137,13.607594936708868,69.44274809160305,2.1000627604962907,0.0,1.9230769230769231,중립,투자적합성 낮음(36.7),임차 지지와 공급 압박 완화가 확인되면 재검토
회피,지방광역시,부산광역시,영도구,보합,즉시 제외,46.74755672860515,33.30676905986621,49.57790151763293,55.34883720930232,26.157276995305164,5.555555555555558,96.90893901420218,,0.0,0.0,중립,투자적합성 낮음(33.3),임차 지지와 공급 압박 완화가 확인되면 재검토
회피,지방광역시,부산광역시,동구,보합,즉시 제외,45.47304576140169,37.92959662553229,26.012760672562507,61.89217758985201,48.45265461691928,-5.3475935828877,61.26168224299065,0.0,0.0,1.2195121951219512,중립,투자적합성 낮음(37.9),임차 지지와 공급 압박 완화가 확인되면 재검토
회피,지방광역시,광주광역시,동구,하락,즉시 제외,43.47013176117642,45.825706166936335,42.047091658478,34.35517970401691,46.01240396927017,1.724137931034475,66.29213483146067,4.140293637846656,0.0,0.0,중립,투자적합성 낮음(45.8),임차 지지와 공급 압박 완화가 확인되면 재검토
회피,지방광역시,대구광역시,서구,하락,즉시 제외,43.175287771643525,41.87007118688637,22.9077137242057,99.53488372093024,66.60124831677403,102.82485875706216,59.89304812834224,,0.0,1.0101010101010102,중립,투자적합성 낮음(41.9),임차 지지와 공급 압박 완화가 확인되면 재검토
회피,지방광역시,대구광역시,남구,하락,즉시 제외,42.804516515022286,38.30195260826283,29.750436728900535,43.15010570824524,68.91159589673347,15.686274509803932,63.48837209302326,9.82945435110053,0.0,1.851851851851852,중립,투자적합성 낮음(38.3),임차 지지와 공급 압박 완화가 확인되면 재검토
