DATA_STRD_YM|SUBWAY_SCN_INNB|SUBWAY_SCN_NM|SUBWAY_ROUTE_NM|SUBWAY_SCN_CNTPNT_LA|SUBWAY_SCN_CNTPNT_LO|TOTL_FPOP|MALE_FPOP|FEMALE_FPOP
202504|MTRARA1A01|서울역|공항|37.553328927585|126.96974961781702|98775435.0|49624555.0|49150880.0
202504|MTRARA1A02|공덕|공항|37.5423148868697|126.952602261123|66729312.0|29942824.0|36786488.0
202504|MTRARA1A03|홍대입구|공항|37.5573052656667|126.927010430346|70343267.0|26093028.0|44250239.0
202504|MTRARA1A04|디지털미디어시티|공항|37.577520924386|126.89788185706101|25746552.0|13500590.0|12245962.0
202504|MTRARA1A042|마곡나루|공항|37.5656315250776|126.827495863208|28070415.0|16006812.0|12063603.0
202504|MTRARA1A05|김포공항|공항|37.5618297564202|126.80247310798501|41867709.0|22422715.0|19444994.0
202504|MTRARA1A06|계양|공항|37.57177084709831|126.736273676946|3348612.0|1898326.0|1450286.0
202504|MTRARA1A07|검암|공항|37.5692528187191|126.673642208751|6495535.0|3703342.0|2792193.0
202504|MTRARA1A071|청라국제도시|공항|37.5564645315524|126.62465841357502|827159.0|657051.0|170108.0
202504|MTRARA1A072|영종|공항|37.5120289919535|126.524975940011|3311611.0|2182765.0|1128846.0
202504|MTRARA1A08|운서|공항|37.4928088834418|126.493729942049|6261862.0|3408003.0|2853859.0
202504|MTRARA1A09|공항화물청사|공항|37.4590625046021|126.47751440637002|439402.0|358334.0|81068.0
202504|MTRARA1A10|인천공항1터미널|공항|37.447528545085795|126.45258454579199|22122694.0|13821380.0|8301314.0
202504|MTRARA1A11|인천공항2터미널|공항|37.46880021452581|126.433640888212|13214069.0|8213739.0|5000330.0
202504|MTRBGB10103|서부산유통지구(금호마을)|부산김해경전철|35.166370310611605|128.954910864535|1843769.0|1264638.0|579131.0
202504|MTRBGB10104|공항|부산김해경전철|35.1719085341638|128.948563729722|34050469.0|19831559.0|14218910.0
202504|MTRBGB10114|김해시청|부산김해경전철|35.2271218680623|128.890387960522|8648158.0|4232698.0|4415460.0
202504|MTRBGB10118|박물관|부산김해경전철|35.24005852200819|128.871887125462|11691239.0|6030620.0|5660619.0
202504|MTRBGB10120|장신대(화정)|부산김해경전철|35.2595208230408|128.86720149363|6114303.0|3085401.0|3028902.0
202504|MTRBS1102|하단(부산본병원)|1호선|35.11454123811819|129.039344263316|23665201.0|11807856.0|11857345.0
202504|MTRBS1109|토성|1호선|35.1007852525409|129.019785649708|23969819.0|11889300.0|12080519.0
202504|MTRBS1112|중앙|1호선|36.3286653091213|127.42582816695|210759472.0|102014001.0|108745471.0
202504|MTRBS1121|양정|1호선|35.1727945202073|129.071093977334|11911143.0|5518594.0|6392549.0
202504|MTRBS1122|시청(연제)|1호선|36.3515240038326|127.38675140745602|30625413.0|14991573.0|15633840.0
202504|MTRBS1124|교대|1호선|35.8506517193906|128.590580870154|23166849.0|11535243.0|11631606.0
202504|MTRBS2202|중동|2호선|35.1666833502971|129.168761888993|8615166.0|4053197.0|4561969.0
202504|MTRBS2238|금곡|2호선|35.2672407272281|129.016807358278|3381884.0|1790434.0|1591450.0
202504|MTRBS2240|증산|2호선|35.3082580738269|129.010288175541|2369693.0|1115374.0|1254319.0
202504|MTRBS2243|양산(시청·동원과학기술대학교)|2호선|35.3387498687181|129.026444387383|44781811.0|20743022.0|24038789.0
202504|MTRBS3307|종합운동장|3호선|35.1915543631385|129.06742941297|33839906.0|16190244.0|17649662.0
202504|MTRBS3314|구포|3호선|35.2066183302771|128.996342494032|4518523.0|2335963.0|2182560.0
202504|MTRBS4407|서동|4호선|35.2131681497048|129.107524541959|4911531.0|2405546.0|2505985.0
202504|MTRDG10117|대곡(정부대구청사)|1호선|37.4853143586156|126.81205932067202|23213062.0|11355229.0|11857833.0
202504|MTRDG10128|교대|1호선|35.8506517193906|128.590580870154|23166849.0|11535243.0|11631606.0
202504|MTRDG10130|반월당|1호선|35.8644982291334|128.593337392557|12791157.0|5598156.0|7193001.0
202504|MTRDG13140|중앙로|1호선|36.3286653091213|127.42582816695|26041616.0|12331521.0|13710095.0
202504|MTRDG20223|용산(서부법원·검찰청입구)|2호선|35.8490710634655|128.528808727588|7156886.0|3566290.0|3590596.0
202504|MTRDG20224|죽전|2호선|35.85027804918891|128.537608349865|12140482.0|5758806.0|6381676.0
202504|MTRDG20230|반월당|2호선|35.8644213158621|128.593340834492|12755865.0|5592232.0|7163633.0
202504|MTRDG20238|대공원|2호선|35.8426978198866|128.679985217689|8329204.0|4565274.0|3763930.0
202504|MTRDG3326|북구청|3호선|35.8837436715588|128.581427017923|4847780.0|2499199.0|2348581.0
202504|MTRDJ10002|신흥|1호선|36.3196578116318|127.44879941293301|8007741.0|3765283.0|4242458.0
202504|MTRDJ10005|중앙로|1호선|36.3286653091213|127.42582816695|26041616.0|12331521.0|13710095.0
202504|MTRDJ10009|용문|1호선|36.3381666713355|127.393410853839|15712185.0|7495533.0|8216652.0
202504|MTRDJ10011|시청|1호선|36.3515240038326|127.38675140745602|92337307.0|44790984.0|47546323.0
202504|MTRDXD14305|논현|신분당|37.5104125196351|127.021678898276|103455029.0|47856138.0|55598891.0
202504|MTRDXD14306|신논현|신분당|37.5104125196351|127.021678898276|68970019.0|31904092.0|37065927.0
202504|MTRDXD14307|강남|신분당|37.49677713038171|127.028185245594|80316304.0|37973342.0|42342962.0
202504|MTRDXD14308|양재(서초구청)|신분당|37.48346557804761|127.035154074503|11999867.0|5901067.0|6098800.0
202504|MTRDXD14311|판교(판교테크노밸리)|신분당|37.3947775273414|127.111197829559|20692330.0|10965296.0|9727034.0
202504|MTRDXD14312|정자|신분당|37.3673267196137|127.10851906256602|13442970.0|6834137.0|6608833.0
202504|MTRDXD14318|광교중앙(아주대)|신분당|37.2883843017536|127.051726324729|14770310.0|7567792.0|7202518.0
202504|MTRDXD1D04|신사|신분당|37.5160820085929|127.01955173492699|29907153.0|14780805.0|15126348.0
202504|MTRDXD1D13|미금(분당서울대병원)|신분당|37.3500717899776|127.10879895547602|12592346.0|5891289.0|6701057.0
202504|MTREVE1Y110|기흥(백남준아트센터)|에버라인|37.2754528769977|127.117046457051|10138652.0|4917507.0|5221145.0
202504|MTREVE1Y111|강남대|에버라인|37.2701707271599|127.12606689206|4423504.0|2058976.0|2364528.0
202504|MTREVE1Y117|시청·용인대|에버라인|37.2394420300344|127.17888509175002|11912072.0|5765370.0|6146702.0
202504|MTREVE1Y118|명지대|에버라인|37.2380762880162|127.190291308571|10978389.0|5414350.0|5564039.0
202504|MTRGJ1102|학동증심사입구|1호선|35.1325872330888|126.92845851133698|6919155.0|3312515.0|3606640.0
202504|MTRGJ1110|화정|1호선|35.1519654749892|126.87662301130202|9223722.0|4375405.0|4848317.0
202504|MTRGJ1112|운천|1호선|35.150482087694|126.85869740298|10376213.0|5057593.0|5318620.0
202504|MTRGJ1115|공항|1호선|35.1440760924291|126.811631835188|5442353.0|3101876.0|2340477.0
202504|MTRGJ1116|송정공원|1호선|35.1435498417323|126.799366870218|2415035.0|1219645.0|1195390.0
202504|MTRGJ1117|광주송정역|1호선|35.1379970845584|126.791770452385|3872440.0|2249236.0|1623204.0
202504|MTRGMG1G102|마산|김포골드라인|37.6406117204577|126.644004368759|7067613.0|3487383.0|3580230.0
202504|MTRGMG1G106|사우(김포시청)|김포골드라인|37.620321335136204|126.71976741873|15107196.0|7308350.0|7798846.0
202504|MTRGMG1G109|김포공항|김포골드라인|37.5623299036952|126.80199188908901|41624993.0|21853041.0|19771952.0
202504|MTRIC7752|부천종합운동장|7호선|37.5054255130821|126.797233841984|11487447.0|5972199.0|5515248.0
202504|MTRIC7754|신중동|7호선|37.50295254026221|126.776897204578|11892001.0|5777748.0|6114253.0
202504|MTRIC7755|부천시청|7호선|37.504657430273305|126.76401271225|34079816.0|15599792.0|18480024.0
202504|MTRIC7759|부평구청|7호선|37.5074335004489|126.72143971800001|7546442.0|3930889.0|3615553.0
202504|MTRICI1110|계양|인천1호선|37.5715178041531|126.736334563819|3336596.0|1888932.0|1447664.0
202504|MTRICI1118|부평구청|인천1호선|37.50846582766669|126.720583092527|37331366.0|18813876.0|18517490.0
202504|MTRICI1119|부평시장|인천1호선|37.4983641942962|126.72228537394902|41757997.0|19852437.0|21905560.0
202504|MTRICI1120|부평|인천1호선|37.4778348300173|126.710293781664|51478060.0|25553719.0|25924341.0
202504|MTRICI1122|부평삼거리|인천1호선|37.4778348300173|126.710293781664|33625494.0|16515616.0|17109878.0
202504|MTRICI1123|간석오거리|인천1호선|37.464706281629795|126.69351903231801|19205883.0|9338191.0|9867692.0
202504|MTRICI1124|인천시청|인천1호선|36.3515240038326|127.38675140745602|102003621.0|52573220.0|49430401.0
202504|MTRICI1129|신연수|인천1호선|37.418108155054405|126.69401968196901|5105843.0|2525792.0|2580051.0
202504|MTRICI1130|원인재|인천1호선|37.4123688782408|126.687889114089|5738832.0|2935721.0|2803111.0
202504|MTRICI1139|송도달빛축제공원|인천1호선|37.406920219432|126.626017908463|3537530.0|1922940.0|1614590.0
202504|MTRICI2207|검암|인천2호선|37.5686781799536|126.67567426472002|7103471.0|3971787.0|3131684.0
202504|MTRICI2211|가정|인천2호선|37.5175263931377|126.676823324228|16412793.0|7946130.0|8466663.0
202504|MTRICI2212|가정중앙시장|인천2호선|37.5248168619511|126.675357432309|16412793.0|7946130.0|8466663.0
202504|MTRICI2215|인천가좌|인천2호선|37.4898360731372|126.67524202948901|16942790.0|8945374.0|7997416.0
202504|MTRICI2217|주안국가산단|인천2호선|37.4651552217129|126.67901572524602|23351251.0|13861523.0|9489728.0
202504|MTRICI2218|주안|인천2호선|37.4651552217129|126.67901572524602|11675626.0|6930762.0|4744864.0
202504|MTRICI2221|인천시청|인천2호선|37.5635793508101|126.975389363157|53638668.0|23495800.0|30142868.0
202504|MTRICI2226|인천대공원|인천2호선|35.8426978198866|128.679985217689|8329204.0|4565274.0|3763930.0
202504|MTRKR10104|지행|1호선|37.89234273432561|127.05579309162101|7587198.0|3649773.0|3937425.0
202504|MTRKR10114|도봉|1호선|37.6895116783324|127.046062716639|29650368.0|15516620.0|14133748.0
202504|MTRKR10116|창동|1호선|37.6533385121404|127.047644999036|21019997.0|10571788.0|10448209.0
202504|MTRKR10118|월계|1호선|37.6332775453974|127.058857087601|6987057.0|3342885.0|3644172.0
202504|MTRKR10122|외대앞|1호선|37.59627324166531|127.06369251069002|8025852.0|4221798.0|3804054.0
202504|MTRKR10137|대방|1호선|37.5133541397547|126.926494491427|44285417.0|21475032.0|22810385.0
202504|MTRKR10138|신길|1호선|37.516787032177106|126.918367210692|30326353.0|14502207.0|15824146.0
202504|MTRKR10141|덕정|1호선|37.84318765006941|127.06155932141|2090074.0|1234964.0|855110.0
202504|MTRKR10142|구일|1호선|37.49625451768701|126.86969110539002|8595804.0|4651926.0|3943878.0
202504|MTRKR10145|온수|1호선|37.4923999909922|126.82382881991498|12463871.0|6346715.0|6117156.0
202504|MTRKR10146|역곡|1호선|37.4853143586156|126.81205932067202|20162422.0|9906554.0|10255868.0
202504|MTRKR10150|송내|1호선|37.48764230897349|126.753161706076|9735824.0|4749012.0|4986812.0
202504|MTRKR10152|부평|1호선|37.4778348300173|126.710293781664|51478060.0|25553719.0|25924341.0
202504|MTRKR10153|성균관대|1호선|37.3003290017027|126.97102200002199|8974068.0|4735906.0|4238162.0
202504|MTRKR1100|소요산|1호선|37.9488975919392|127.06112860863801|563988.0|345315.0|218673.0
202504|MTRKR1101|동두천|1호선|37.9017807357936|127.05642330094|10433202.0|5660782.0|4772420.0
202504|MTRKR1102|보산|1호선|37.91414401803561|127.057181024749|2101799.0|1050087.0|1051712.0
202504|MTRKR1103|동두천중앙|1호선|37.9017807357936|127.05642330094|45086068.0|23181715.0|21904353.0
202504|MTRKR1106|덕계|1호선|37.8187525814885|127.05669167841502|5570707.0|2685229.0|2885478.0
202504|MTRKR1108|녹양|1호선|37.75938525330201|127.04227935160601|3460420.0|1812251.0|1648169.0
202504|MTRKR1109|가능|1호선|37.7483963196456|127.04428826484099|6709050.0|3267940.0|3441110.0
202504|MTRKR1110|의정부|1호선|37.7383624923599|127.045956826767|10902353.0|5495932.0|5406421.0
202504|MTRKR1111|회룡|1호선|37.7238058806629|127.04729536813798|8742444.0|4249477.0|4492967.0
202504|MTRKR1112|망월사|1호선|37.710219160990206|127.04741828550601|6005849.0|2902786.0|3103063.0
202504|MTRKR1113|도봉산|1호선|37.6895116783324|127.046062716639|29650368.0|15516620.0|14133748.0
202504|MTRKR1115|방학|1호선|37.6674383662755|127.044321721307|10249649.0|4967773.0|5281876.0
202504|MTRKR1117|녹천|1호선|37.6446334455677|127.051382018857|3891986.0|1943500.0|1948486.0
202504|MTRKR1120|석계|1호선|37.6150055273174|127.065689464129|18578086.0|9476304.0|9101782.0
202504|MTRKR1121|신이문|1호선|37.6017816437084|127.06739800377498|6317005.0|3266279.0|3050726.0
202504|MTRKR1123|회기|1호선|37.58979621966011|127.05804836927301|11886307.0|5562059.0|6324248.0
202504|MTRKR1134|남영|1호선|37.5405666724832|126.971330966082|6568966.0|3494367.0|3074599.0
202504|MTRKR1135|용산|1호선|37.52977356999731|126.964629612581|50744077.0|25364048.0|25380029.0
202504|MTRKR1136|노량진|1호선|37.5140547961008|126.942109882124|25177333.0|14343679.0|10833654.0
202504|MTRKR1139|영등포|1호선|37.5156726288261|126.90755027497501|65179922.0|31880294.0|33299628.0
202504|MTRKR1140|신도림|1호선|37.508908482648|126.891312500851|32384194.0|15393014.0|16991180.0
202504|MTRKR1143|개봉|1호선|37.4946417150651|126.858715959622|13932800.0|6649138.0|7283662.0
202504|MTRKR1144|오류동|1호선|37.4943972093355|126.844807448154|9681389.0|4397862.0|5283527.0
202504|MTRKR1147|소사|1호선|37.4828003271024|126.79564427244601|9142492.0|4391553.0|4750939.0
202504|MTRKR1148|부천|1호선|37.48398888429159|126.783081743529|26787303.0|13074480.0|13712823.0
202504|MTRKR1151|부개|1호선|37.488477043182|126.740730089704|7686106.0|3752518.0|3933588.0
202504|MTRKR1153|백운|1호선|37.48334249559699|126.70729440787102|4952575.0|2563337.0|2389238.0
202504|MTRKR1154|동암|1호선|37.4706957867304|126.70288975346202|9294999.0|4730162.0|4564837.0
202504|MTRKR1156|주안|1호선|37.4650523864467|126.67996793219|10207555.0|4998245.0|5209310.0
202504|MTRKR1157|도화|1호선|37.4661175111199|126.668575935273|8426868.0|4018425.0|4408443.0
202504|MTRKR1158|제물포|1호선|37.466819329635|126.65749387411799|6889754.0|3383514.0|3506240.0
202504|MTRKR1159|도원|1호선|37.468772556643|126.64253515710801|4015016.0|2036580.0|1978436.0
202504|MTRKR11715|세류|1호선|37.2438725201238|127.013799696499|2623947.0|1730127.0|893820.0
202504|MTRKR11816|간석|1호선|37.464706281629795|126.69351903231801|19205883.0|9338191.0|9867692.0
202504|MTRKR11822|중동|1호선|37.4866816250266|126.76453511373501|8493372.0|4130517.0|4362855.0
202504|MTRKR1199|광운대|1호선|37.62383736281491|127.06169516065101|5182583.0|2659793.0|2522790.0
202504|MTRKR1K107|양주|1호선|37.774142162216506|127.044721319691|854499.0|517471.0|337028.0
202504|MTRKR1K410|광명|1호선|37.4167362171922|126.884961689119|17422561.0|9279403.0|8143158.0
202504|MTRKR1P141|구로|1호선|37.503341556312805|126.882308062293|60111750.0|30696046.0|29415704.0
202504|MTRKR1P142|가산디지털단지|1호선|37.4815311901749|126.882614758479|28843314.0|16363288.0|12480026.0
202504|MTRKR1P143|독산|1호선|37.4659737678718|126.889477903364|8252289.0|4405304.0|3846985.0
202504|MTRKR1P144|금천구청|1호선|37.4561943743749|126.89360861458101|7453257.0|3622187.0|3831070.0
202504|MTRKR1P145|석수|1호선|37.43509293822681|126.902320783688|5058995.0|2884084.0|2174911.0
202504|MTRKR1P146|관악|1호선|37.4195679551732|126.908499995413|21115294.0|10839475.0|10275819.0
202504|MTRKR1P147|안양|1호선|37.4016838636508|126.922729807594|21222580.0|10190187.0|11032393.0
202504|MTRKR1P148|명학|1호선|37.3844604191546|126.93559279166699|10396994.0|5317158.0|5079836.0
202504|MTRKR1P149|금정|1호선|37.3723374611941|126.943270039101|16606551.0|8491691.0|8114860.0
202504|MTRKR1P150|군포|1호선|37.3541922784736|126.948517502286|13260981.0|6813340.0|6447641.0
202504|MTRKR1P151|당정|1호선|37.343689819399906|126.94837119045802|6946316.0|3472167.0|3474149.0
202504|MTRKR1P152|의왕|1호선|37.3203421132836|126.9479765012|5464020.0|2837038.0|2626982.0
202504|MTRKR1P154|화서|1호선|37.2840016829776|126.989612032647|9214180.0|4438175.0|4776005.0
202504|MTRKR1P155|수원|1호선|37.26568218296589|127.000049604844|42846248.0|22712659.0|20133589.0
202504|MTRKR1P157|병점|1호선|37.2067526994955|127.033200373093|9054813.0|4631168.0|4423645.0
202504|MTRKR1P157-2|서동탄|1호선|37.1957351505295|127.05185677919401|3089955.0|1580780.0|1509175.0
202504|MTRKR1P158|세마|1호선|37.1871352848477|127.043426817312|4667540.0|2457284.0|2210256.0
202504|MTRKR1P159|오산대|1호선|37.1447171633287|127.066630122646|27211138.0|14474080.0|12737058.0
202504|MTRKR1P160|오산|1호선|37.1447171633287|127.066630122646|27211138.0|14474080.0|12737058.0
202504|MTRKR1P161|진위|1호선|37.1100790285838|127.062355993621|417541.0|251707.0|165834.0
202504|MTRKR1P162|송탄|1호선|37.0757126572027|127.054280461367|6292613.0|3305040.0|2987573.0
202504|MTRKR1P163|서정리|1호선|37.0565637021655|127.052881703722|9339487.0|4740142.0|4599345.0
202504|MTRKR1P164|평택지제|1호선|37.018784757256704|127.070485287852|20721726.0|11920932.0|8800794.0
202504|MTRKR1P165|평택|1호선|37.018784757256704|127.070485287852|20721726.0|11920932.0|8800794.0
202504|MTRKR1P166|성환|1호선|36.9159530167598|127.12683711023601|365176.0|211149.0|154027.0
202504|MTRKR1P167|직산|1호선|36.8709328418739|127.14382372881698|562965.0|323961.0|239004.0
202504|MTRKR1P168|두정|1호선|36.83359903189131|127.149080841068|14672838.0|7677296.0|6995542.0
202504|MTRKR1P169|천안|1호선|36.8105230598976|127.146488798762|7191777.0|3836112.0|3355665.0
202504|MTRKR1P170|봉명|1호선|36.8014198330363|127.13603811209998|9641558.0|4633052.0|5008506.0
202504|MTRKR1P172|아산|1호선|36.7921165665983|127.104076682696|7266772.0|3734125.0|3532647.0
202504|MTRKR1P174|배방|1호선|36.7776965014173|127.052788090648|3293481.0|1575116.0|1718365.0
202504|MTRKR1P176|온양온천|1호선|36.7805448837693|127.00318147294202|9830175.0|4999545.0|4830630.0
202504|MTRKR1p173|탕정|1호선|36.7882087107804|127.08439248328001|4356873.0|2141722.0|2215151.0
202504|MTRKR30309|대화|3호선|37.676157377075|126.747500970967|5331438.0|2742108.0|2589330.0
202504|MTRKR30314|대곡|3호선|37.6316955592152|126.81092999886198|2042592.0|1180550.0|862042.0
202504|MTRKR30315|화정|3호선|37.6346440058753|126.832688422366|9707715.0|4803974.0|4903741.0
202504|MTRKR31948|원흥|3호선|37.6506921774602|126.87302523491002|4844431.0|2238629.0|2605802.0
202504|MTRKR3310|주엽|3호선|37.6701494878278|126.76126352419502|10180313.0|4647807.0|5532506.0
202504|MTRKR3311|정발산|3호선|37.659480619983|126.77340596087201|13565840.0|6763378.0|6802462.0
202504|MTRKR3312|마두|3호선|37.6522411344456|126.777610596529|8037758.0|3813027.0|4224731.0
202504|MTRKR3313|백석|3호선|37.6429623651607|126.78813150980301|9870905.0|4779976.0|5090929.0
202504|MTRKR3316|원당|3호선|37.6531102058516|126.842918441607|4545930.0|2241794.0|2304136.0
202504|MTRKR3318|삼송|3호선|37.6532651152639|126.89573389994102|5862398.0|2921147.0|2941251.0
202504|MTRKR40437|대공원|4호선|37.4360557449009|127.006752481821|14213655.0|6686491.0|7527164.0
202504|MTRKR40438|과천|4호선|37.4328753023799|126.996617122631|41686360.0|20676461.0|21009899.0
202504|MTRKR40440|인덕원|4호선|37.4014941709597|126.976679855187|12345917.0|6677008.0|5668909.0
202504|MTRKR40442|범계|4호선|37.3897837540429|126.950783269518|18087524.0|9161626.0|8925898.0
202504|MTRKR40446|대야미|4호선|37.327965125951|126.91689751955701|2828815.0|1420907.0|1407908.0
202504|MTRKR40447|반월|4호선|37.3123817631801|126.90382444207|2387875.0|1188466.0|1199409.0
202504|MTRKR40509|정부과천청사|4호선|37.4328753023799|126.996617122631|41686360.0|20676461.0|21009899.0
202504|MTRKR41755|한대앞|4호선|37.309429480382|126.854023201766|8849997.0|4433335.0|4416662.0
202504|MTRKR4435|선바위|4호선|37.4517479887985|127.002228694007|2574859.0|1443425.0|1131434.0
202504|MTRKR4436|경마공원|4호선|37.44396298812309|127.00783804253298|2202070.0|1180207.0|1021863.0
202504|MTRKR4441|평촌|4호선|37.3942395091437|126.963808022134|19980592.0|9902879.0|10077713.0
202504|MTRKR4444|산본|4호선|37.358019308525705|126.93304632983602|12891779.0|6204508.0|6687271.0
202504|MTRKR4445|수리산|4호선|37.35055796958049|126.92563095068999|5536640.0|2588058.0|2948582.0
202504|MTRKR4448|상록수|4호선|37.3028523592421|126.86660564000802|15441332.0|7692344.0|7748988.0
202504|MTRKR4K252|중앙|4호선|37.31599451967911|126.838830354059|115536314.0|54670488.0|60865826.0
202504|MTRKR4K254|초지|4호선|37.32044037673231|126.806473145898|4503998.0|2374779.0|2129219.0
202504|MTRKR4K255|안산|4호선|37.3268586764125|126.78921634938402|5819514.0|3671369.0|2148145.0
202504|MTRKR4K256|신길온천|4호선|37.33737450574521|126.767521832501|6814048.0|4185308.0|2628740.0
202504|MTRKR4K257|정왕|4호선|37.3517013345449|126.743350186358|4762584.0|2883875.0|1878709.0
202504|MTRKR4K258|오이도|4호선|37.3617026946433|126.738403529407|2275537.0|1197630.0|1077907.0
202504|MTRKR4P149|금정|4호선|37.372468207144|126.943473156823|16072122.0|8246423.0|7825699.0
202504|MTRKR4k253|고잔|4호선|37.3167693077138|126.82359875532701|10187889.0|5050039.0|5137850.0
202504|MTRKRK11856|수내(한국잡월드)|수인분당|37.3784687674046|127.11428884629102|13927278.0|6866236.0|7061042.0
202504|MTRKRK11874|오목천|수인분당|37.2433596329495|126.96390283586202|2724183.0|1382030.0|1342153.0
202504|MTRKRK11886|송도|수인분당|37.4299616326114|126.65467571370701|2688150.0|1559067.0|1129083.0
202504|MTRKRK1K0272|인천|수인분당|37.4764686136348|126.617398357613|62117621.0|32925086.0|29192535.0
202504|MTRKRK1K209|청량리|수인분당|37.5808953806814|127.047847862522|27023403.0|13347430.0|13675973.0
202504|MTRKRK1K212|압구정로데오|수인분당|37.5275184818021|127.04060276939002|18730856.0|8921452.0|9809404.0
202504|MTRKRK1K214|선정릉(한국과학창의재단)|수인분당|37.5109326388803|127.043627289129|31202318.0|14769819.0|16432499.0
202504|MTRKRK1K215|선릉|수인분당|37.505167825521696|127.048709924654|35655849.0|16293682.0|19362167.0
202504|MTRKRK1K219|개포동|수인분당|37.48913946918909|127.066120707828|4994043.0|2097086.0|2896957.0
202504|MTRKRK1K222|복정(동서울대학)|수인분당|37.4690418197697|127.12657757539301|10085882.0|6762381.0|3323501.0
202504|MTRKRK1K223|가천대|수인분당|37.4485616928061|127.126696757302|7717930.0|4114704.0|3603226.0
202504|MTRKRK1K224|태평|수인분당|37.4397891872936|127.127749805438|11903318.0|6189034.0|5714284.0
202504|MTRKRK1K225|모란|수인분당|37.4320569738416|127.129132056251|24690950.0|13221791.0|11469159.0
202504|MTRKRK1K228|서현|수인분당|37.3850154269126|127.123431479636|15751087.0|7677216.0|8073871.0
202504|MTRKRK1K230|정자|수인분당|37.366173792319906|127.10809745724401|14576196.0|7404517.0|7171679.0
202504|MTRKRK1K231|미금(분당서울대병원)|수인분당|37.350071598800994|127.10900662549702|12533325.0|5860433.0|6672892.0
202504|MTRKRK1K232|오리|수인분당|37.3398305519823|127.10894894005301|19497636.0|9742610.0|9755026.0
202504|MTRKRK1K233|죽전(단국대)|수인분당|37.3243773830569|127.107505020642|13894451.0|6990357.0|6904094.0
202504|MTRKRK1K234|보정|수인분당|37.3127749181936|127.108336816968|5649300.0|2771378.0|2877922.0
202504|MTRKRK1K236|신갈|수인분당|37.2861483619847|127.111284750107|9617555.0|4661456.0|4956099.0
202504|MTRKRK1K238|상갈(루터대학교)|수인분당|37.26181183136699|127.108737254546|5572228.0|2967166.0|2605062.0
202504|MTRKRK1K239|청명|수인분당|37.2595395723925|127.07896900053701|12624888.0|6037189.0|6587699.0
202504|MTRKRK1K240|영통(경희대)|수인분당|37.2515035095752|127.07133191773|14481888.0|7052381.0|7429507.0
202504|MTRKRK1K241|망포|수인분당|37.245838370385805|127.056854781327|14540105.0|7277463.0|7262642.0
202504|MTRKRK1K243|수원시청(경기도문화의전당)|수인분당|37.2656768667795|127.00009605300899|150322071.0|79135469.0|71186602.0
202504|MTRKRK1K244|매교|수인분당|37.2655153235144|127.01590057208|14861120.0|7458407.0|7402713.0
202504|MTRKRK1K245|수원|수인분당|37.2656768667795|127.00009605300899|90193243.0|47481282.0|42711961.0
202504|MTRKRK1K246|고색|수인분당|37.2497717717764|126.98057251634302|5664772.0|3156873.0|2507899.0
202504|MTRKRK1K248|어천|수인분당|37.2500878495412|126.90880001435|674708.0|458462.0|216246.0
202504|MTRKRK1K249|야목|수인분당|37.2614226743824|126.883773399214|1195228.0|680615.0|514613.0
202504|MTRKRK1K250|사리|수인분당|37.2906412358086|126.857104444562|6766339.0|3334265.0|3432074.0
202504|MTRKRK1K251|한대앞|수인분당|37.3102070123702|126.85324560267|7883004.0|3945201.0|3937803.0
202504|MTRKRK1K252|중앙|수인분당|37.3160401839099|126.83795933769501|111886900.0|52869892.0|59017008.0
202504|MTRKRK1K253|고잔|수인분당|37.3168252865338|126.82247047976601|10208833.0|5034588.0|5174245.0
202504|MTRKRK1K254|초지|수인분당|37.32089644342|126.80546223274199|5140384.0|2692260.0|2448124.0
202504|MTRKRK1K255|안산|수인분당|37.3274007597393|126.788018834759|5011457.0|3161436.0|1850021.0
202504|MTRKRK1K256|신길온천|수인분당|37.33789250317991|126.76655878915699|6537003.0|4076393.0|2460610.0
202504|MTRKRK1K257|정왕|수인분당|37.3520125238326|126.74226108958202|4472186.0|2707849.0|1764337.0
202504|MTRKRK1K258|오이도|수인분당|37.3629292360266|126.73892305020001|2432778.0|1267607.0|1165171.0
202504|MTRKRK1K260|월곶|수인분당|37.3918207044367|126.742707561155|4884984.0|2443145.0|2441839.0
202504|MTRKRK1K261|소래포구|수인분당|37.4009402347666|126.733492081979|8096857.0|3880045.0|4216812.0
202504|MTRKRK1K264|남동인더스파크|수인분당|37.4077423820652|126.695227491501|2754574.0|1866844.0|887730.0
202504|MTRKRK1K265|원인재|수인분당|37.4132120460243|126.686457819329|7181341.0|3512748.0|3668593.0
202504|MTRKRK1K271|신포|수인분당|37.4684545360849|126.62453368590802|2851595.0|1839855.0|1011740.0
202504|MTRKRK1k210|왕십리|수인분당|37.5606398285341|127.03878380532402|61293574.0|31635995.0|29657579.0
202504|MTRKRK1k211|서울숲|수인분당|37.543645796605|127.04474621635802|8503920.0|4069560.0|4434360.0
202504|MTRKRK1k213|강남구청|수인분당|37.5171892352971|127.04130142966|29882904.0|14693885.0|15189019.0
202504|MTRKRK1k216|한티|수인분당|37.496285704765306|127.05290974941698|12847066.0|5925674.0|6921392.0
202504|MTRKRK1k217|도곡|수인분당|37.4908647717187|127.05532337372|19633044.0|8384885.0|11248159.0
202504|MTRKRK1k218|구룡|수인분당|37.4870274262116|127.05949294165501|8116295.0|3355010.0|4761285.0
202504|MTRKRK1k220|대모산입구|수인분당|37.4915500752654|127.073070274916|7570328.0|3455764.0|4114564.0
202504|MTRKRK1k221|수서|수인분당|37.4873753024886|127.101644790684|23985867.0|11832939.0|12152928.0
202504|MTRKRK1k226|야탑|수인분당|37.411373640702806|127.128742990837|11615027.0|5866592.0|5748435.0
202504|MTRKRK1k227|이매(성남아트센터)|수인분당|37.3962090638535|127.12828790116299|26786417.0|12290435.0|14495982.0
202504|MTRKRK1k235|구성|수인분당|37.2989770487314|127.10569583319702|3629141.0|1986184.0|1642957.0
202504|MTRKRK1k237|기흥(백남준아트센터)|수인분당|37.275497200950596|127.115955078051|10476132.0|5102797.0|5373335.0
202504|MTRKRK1k242|매탄권선|수인분당|37.2525055074191|127.040808657326|12202705.0|5907337.0|6295368.0
202504|MTRKRK1k259|달월|수인분당|37.3800267658985|126.74540347644998|753355.0|442903.0|310452.0
202504|MTRKRK1k262|인천논현|수인분당|37.4764686136348|126.617398357613|41411747.0|21950057.0|19461690.0
202504|MTRKRK1k263|호구포|수인분당|37.4016421735726|126.708683171095|4587261.0|2732856.0|1854405.0
202504|MTRKRK1k266|연수|수인분당|37.41792798381811|126.67874745918802|8463830.0|4207621.0|4256209.0
202504|MTRKRK1k269|인하대|수인분당|37.448338616519706|126.649763418519|7784527.0|4083914.0|3700613.0
202504|MTRKRK1k270|숭의(인하대병원)|수인분당|37.4607996111543|126.63841022084398|32135402.0|16814731.0|15320671.0
202504|MTRKRK21320|대성리|경춘|37.6839900741502|127.379706254541|331672.0|203104.0|128568.0
202504|MTRKRK2K117|청량리|경춘|37.5812734758925|127.04863606300701|24458358.0|12069485.0|12388873.0
202504|MTRKRK2K118|회기|경춘|37.58992211696409|127.058537601316|11880681.0|5580015.0|6300666.0
202504|MTRKRK2K119|중랑|경춘|37.59482409602741|127.07572895665601|9778154.0|4682692.0|5095462.0
202504|MTRKRK2K120|상봉|경춘|37.5969733432502|127.085085690038|23278267.0|11877596.0|11400671.0
202504|MTRKRK2K121|망우|경춘|37.600017312378|127.091738656282|9260647.0|4622711.0|4637936.0
202504|MTRKRK2P122|신내|경춘|37.61270546979329|127.10322521629702|20648495.0|11414857.0|9233638.0
202504|MTRKRK2P123|갈매|경춘|37.6340689252244|127.114760741021|4139070.0|2245958.0|1893112.0
202504|MTRKRK2P124|별내(삼육대학교)|경춘|37.6420679726917|127.126969149167|6076402.0|3184501.0|2891901.0
202504|MTRKRK2P125|퇴계원|경춘|37.6482657629059|127.14353713662001|4559928.0|2310890.0|2249038.0
202504|MTRKRK2P126|사릉|경춘|37.6511242788455|127.176926203654|954164.0|594677.0|359487.0
202504|MTRKRK2P127|금곡|경춘|37.6373551430559|127.20753367471801|1920500.0|1047633.0|872867.0
202504|MTRKRK2P128|평내호평|경춘|37.6532138128125|127.24443896868799|4521839.0|2273113.0|2248726.0
202504|MTRKRK2P129|천마산|경춘|37.6592276778117|127.28506270036199|2064747.0|1057742.0|1007005.0
202504|MTRKRK2P130|마석|경춘|37.65279221550101|127.31168655488501|3321202.0|1655805.0|1665397.0
202504|MTRKRK2P132|청평|경춘|37.7355163992466|127.426622860785|488452.0|306152.0|182300.0
202504|MTRKRK2P133|상천(호명호수)|경춘|37.7701784041516|127.454515681516|209360.0|102607.0|106753.0
202504|MTRKRK2P134|가평(자라섬·남이섬)|경춘|37.8145200514507|127.51073942455001|605160.0|292887.0|312273.0
202504|MTRKRK2P135|굴봉산(제이드가든)|경춘|37.8320661917515|127.55776986143101|56042.0|38991.0|17051.0
202504|MTRKRK2P136|백양리(엘리시안강촌)|경춘|37.830791749749295|127.58932498785902|290502.0|173214.0|117288.0
202504|MTRKRK2P137|강촌|경춘|37.805721704842|127.63415157242201|105471.0|56645.0|48826.0
202504|MTRKRK2P138|김유정|경춘|37.8184490071056|127.714323967766|285249.0|182483.0|102766.0
202504|MTRKRK2P140|춘천(한림대)|경춘|37.884512737384|127.71669859334501|871742.0|479530.0|392212.0
202504|MTRKRK2p139|남춘천(강원대)|경춘|37.884512737384|127.71669859334501|11094373.0|6009800.0|5084573.0
202504|MTRKRK40312|공덕|경의중앙|37.5424735099283|126.95271984058999|66469944.0|29865798.0|36604146.0
202504|MTRKRK40399|양원(서울시북부병원)|경의중앙|37.55605818173441|126.97211589416099|28276064.0|13194446.0|15081618.0
202504|MTRKRK4123|회기|경의중앙|37.5895296349726|127.05782624137|11892980.0|5567180.0|6325800.0
202504|MTRKRK41251|서울역|경의중앙|37.55605818173441|126.97211589416099|119097289.0|57366487.0|61730802.0
202504|MTRKRK41277|야당|경의중앙|37.712611015678995|126.761453983315|9335683.0|4646273.0|4689410.0
202504|MTRKRK4131|신원|경의중앙|37.5255855578889|127.373091698635|243594.0|162341.0|81253.0
202504|MTRKRK4132|국수|경의중앙|37.5161871164552|127.39930982892902|431164.0|208584.0|222580.0
202504|MTRKRK4188|망우|경의중앙|37.5992960295399|127.092367383432|8928980.0|4421215.0|4507765.0
202504|MTRKRK4319|강매|경의중앙|37.6122904718741|126.844498230651|2451630.0|1267525.0|1184105.0
202504|MTRKRK4323|곡산|경의중앙|37.6457575538988|126.801806892782|1209075.0|719749.0|489326.0
202504|MTRKRK4K110|용산|경의중앙|37.5296069229544|126.96475753303|50683720.0|25302608.0|25381112.0
202504|MTRKRK4K111|이촌|경의중앙|37.522412914084704|126.97354382085402|10110040.0|4667329.0|5442711.0
202504|MTRKRK4K112|서빙고|경의중앙|37.5195681393953|126.98841094338499|4623784.0|2250141.0|2373643.0
202504|MTRKRK4K113|한남|경의중앙|37.5294289189437|127.00920911058401|2443618.0|1333802.0|1109816.0
202504|MTRKRK4K114|옥수|경의중앙|37.5405119018692|127.018744558213|14500849.0|6561752.0|7939097.0
202504|MTRKRK4K119|중랑|경의중앙|37.5948425975025|127.07568039846102|9786581.0|4688832.0|5097749.0
202504|MTRKRK4K123|구리|경의중앙|37.603270740508805|127.143350984187|10650722.0|5123606.0|5527116.0
202504|MTRKRK4K124|도농|경의중앙|37.6087726045416|127.16117866322202|7424572.0|3552928.0|3871644.0
202504|MTRKRK4K125|양정|경의중앙|37.604027962835595|127.19466908658602|498845.0|358991.0|139854.0
202504|MTRKRK4K126|덕소|경의중앙|37.5868903292078|127.20884271060902|2984618.0|1489581.0|1495037.0
202504|MTRKRK4K128|팔당|경의중앙|37.5473594340956|127.243966151989|1112042.0|637100.0|474942.0
202504|MTRKRK4K129|운길산|경의중앙|37.5546425431665|127.310231608596|488223.0|254081.0|234142.0
202504|MTRKRK4K130|양수|경의중앙|37.5459634283124|127.32913838091602|886126.0|510127.0|375999.0
202504|MTRKRK4K133|아신(아세아연합신학대)|경의중앙|37.5139186008078|127.443211499187|305739.0|186647.0|119092.0
202504|MTRKRK4K134|오빈|경의중앙|37.5061671737276|127.473661407181|303482.0|134793.0|168689.0
202504|MTRKRK4K136|원덕(추읍산)|경의중앙|37.468781735546|127.546558679899|152953.0|87444.0|65509.0
202504|MTRKRK4K137|용문|경의중앙|37.4818020661568|127.593795306663|2377867.0|1158632.0|1219235.0
202504|MTRKRK4K138|지평|경의중앙|37.476907283345106|127.628905922448|218480.0|117202.0|101278.0
202504|MTRKRK4K209|청량리|경의중앙|37.5802790937951|127.04786558187502|25999575.0|12780794.0|13218781.0
202504|MTRKRK4K311|효창공원앞|경의중앙|37.538605526775|126.962824126727|19680541.0|9562410.0|10118131.0
202504|MTRKRK4K313|서강대|경의중앙|37.5521384864879|126.935507621173|25016409.0|11978088.0|13038321.0
202504|MTRKRK4K314|홍대입구|경의중앙|37.5574494922411|126.927118938976|69187131.0|25673105.0|43514026.0
202504|MTRKRK4K315|가좌|경의중앙|37.5687433529646|126.914815128053|9830795.0|4557068.0|5273727.0
202504|MTRKRK4K316|디지털미디어시티|경의중앙|37.5774016865626|126.90069067398801|27541628.0|14367908.0|13173720.0
202504|MTRKRK4K317|수색|경의중앙|37.5808625683358|126.895659474538|8222455.0|4191469.0|4030986.0
202504|MTRKRK4K320|행신|경의중앙|37.6121216067269|126.83428827683|4152532.0|2299473.0|1853059.0
202504|MTRKRK4K321|능곡|경의중앙|37.6190245080032|126.820422359748|3583613.0|1944014.0|1639599.0
202504|MTRKRK4K325|풍산|경의중앙|37.6723381857514|126.78627521706602|10491253.0|5046550.0|5444703.0
202504|MTRKRK4K326|일산|경의중앙|37.6820129415088|126.770022642636|10199801.0|4914675.0|5285126.0
202504|MTRKRK4K327|탄현|경의중앙|37.6939889446111|126.761078262576|7017515.0|3464589.0|3552926.0
202504|MTRKRK4K329|운정|경의중앙|37.72560181256859|126.767163302291|4422724.0|2755304.0|1667420.0
202504|MTRKRK4K331|금촌|경의중앙|37.7662265030421|126.77463325520502|6440258.0|3525182.0|2915076.0
202504|MTRKRK4K333|월롱(서영대학교)|경의중앙|37.7962146380874|126.792585875504|325520.0|217446.0|108074.0
202504|MTRKRK4K334|파주(두원대학)|경의중앙|37.81536558310051|126.79269130281001|205961.0|124344.0|81617.0
202504|MTRKRK4K335|문산|경의중앙|37.854626895054|126.78739537893098|1905203.0|842088.0|1063115.0
202504|MTRKRK4K336|운천|경의중앙|37.8798512036962|126.769908998666|66808.0|45682.0|21126.0
202504|MTRKRK4P314|신촌|경의중앙|37.5596751376561|126.94208931819901|25274296.0|10079299.0|15194997.0
202504|MTRKRK4k115|응봉|경의중앙|37.5499526279456|127.034483653629|5077977.0|2471744.0|2606233.0
202504|MTRKRK4k120|상봉|경의중앙|37.596713810675396|127.085151071278|23848475.0|12205758.0|11642717.0
202504|MTRKRK4k127|도심|경의중앙|37.579639075911|127.222683857886|2521959.0|1240069.0|1281890.0
202504|MTRKRK4k135|양평|경의중앙|37.4926843397043|127.492247611418|9886299.0|4748087.0|5138212.0
202504|MTRKRK4k210|왕십리|경의중앙|37.5620581445686|127.03833293896501|59129301.0|30780914.0|28348387.0
202504|MTRKRK4k318|화전(한국항공대)|경의중앙|37.602970798135594|126.868322909562|1677816.0|1073054.0|604762.0
202504|MTRKRK4k322|대곡|경의중앙|37.631852489992404|126.809907734809|2139683.0|1255827.0|883856.0
202504|MTRKRK4k324|백마|경의중앙|37.658016621853|126.79461646967|3822621.0|1956271.0|1866350.0
202504|MTRKRK4k330|금릉|경의중앙|37.7513389843704|126.76541011942498|3490237.0|1748950.0|1741287.0
202504|MTRKRK4k337|임진강|경의중앙|37.8882750558283|126.74707845470598|266403.0|124985.0|141418.0
202504|MTRKRK5K410|판교(판교테크노밸리)|경강|37.394775885643|127.111982699564|21109319.0|11115949.0|9993370.0
202504|MTRKRK5K411|이매|경강|37.3947135146921|127.127318661399|22235598.0|10050710.0|12184888.0
202504|MTRKRK5K412|삼동|경강|37.408687383822205|127.20338391386599|2860426.0|1549031.0|1311395.0
202504|MTRKRK5K413|경기광주|경강|37.3989438131636|127.253282668137|7260976.0|3768437.0|3492539.0
202504|MTRKRK5K416|신둔도예촌|경강|37.3156131233126|127.405243004411|4907740.0|2400308.0|2507432.0
202504|MTRKRK5K417|이천|경강|37.2642257617589|127.442167880169|1908062.0|1334753.0|573309.0
202504|MTRKRK5K418|부발|경강|37.2603923465465|127.49032150206898|1551796.0|819635.0|732161.0
202504|MTRKRK5K420|여주|경강|37.28285964786661|127.628529053998|2286914.0|1182921.0|1103993.0
202504|MTRKRK5k414|초월|경강|37.3733791295012|127.299905223152|1102348.0|558652.0|543696.0
202504|MTRKRK5k415|곤지암|경강|37.3505395429634|127.34625134371201|1123826.0|620038.0|503788.0
202504|MTRKRK5k419|세종대왕릉|경강|37.2936326216504|127.57065963840601|211468.0|127122.0|84346.0
202504|MTRKRK6K113|교대|동해|35.1937118187804|129.079524574995|19243565.0|9410491.0|9833074.0
202504|MTRKRK6K121|송정|동해|35.187766732691195|129.20208562126|2256046.0|1306513.0|949533.0
202504|MTRKRK6K123|기장|동해|35.2445519356355|129.218862392668|4209685.0|2076012.0|2133673.0
202504|MTRNU4408|별내별가람|4호선|37.6678462120372|127.11624199477902|5778203.0|2732688.0|3045515.0
202504|MTRS11150|서울역|1호선|37.55715948359881|126.97255460645599|122339227.0|58829944.0|63509283.0
202504|MTRS11151|시청|1호선|36.3515240038326|127.38675140745602|92337307.0|44790984.0|47546323.0
202504|MTRS11152|종각|1호선|37.5702279909122|126.98315081716699|25356411.0|13576569.0|11779842.0
202504|MTRS11153|종로3가|1호선|37.57042084452299|126.992153252476|53865930.0|27247149.0|26618781.0
202504|MTRS11154|종로5가|1호선|37.5709761083837|127.00153834521899|14411084.0|6418818.0|7992266.0
202504|MTRS11155|동대문|1호선|37.5716694058026|127.01063381083702|123907843.0|50288590.0|73619253.0
202504|MTRS11156|신설동|1호선|37.5760299683175|127.024456700382|39344851.0|18789655.0|20555196.0
202504|MTRS11157|제기동|1호선|37.5781734965803|127.034949495079|7483327.0|3838051.0|3645276.0
202504|MTRS11159|동묘앞|1호선|37.57321666002831|127.01636422710298|30812504.0|14043332.0|16769172.0
202504|MTRS12201|시청|2호선|37.5635793508101|126.975389363157|53638668.0|23495800.0|30142868.0
202504|MTRS12202|을지로입구|2호선|37.566035517713004|126.982195311295|26940318.0|12506378.0|14433940.0
202504|MTRS12203|을지로3가|2호선|37.5662914979063|126.99098443539401|43052965.0|20301393.0|22751572.0
202504|MTRS12204|을지로4가|2호선|37.566640503826804|126.99763205911302|32069528.0|13735821.0|18333707.0
202504|MTRS12205|동대문역사문화공원|2호선|37.565589522977604|127.009131498424|119050867.0|44082382.0|74968485.0
202504|MTRS12206|신당|2호선|37.5656730531732|127.019477533278|25811519.0|12980231.0|12831288.0
202504|MTRS12207|상왕십리|2호선|37.564436666204|127.02927241035302|27143254.0|13455833.0|13687421.0
202504|MTRS12208|왕십리|2호선|37.564436666204|127.02927241035302|108573016.0|53823333.0|54749683.0
202504|MTRS12209|한양대|2호선|37.5557159860408|127.043639802768|9310144.0|4990344.0|4319800.0
202504|MTRS12210|뚝섬|2호선|37.547241554679|127.04738727881|22206434.0|11351715.0|10854719.0
202504|MTRS12211|성수|2호선|37.5445888153751|127.056066999327|14663694.0|7082616.0|7581078.0
202504|MTRS12212|건대입구|2호선|37.5404075172639|127.069202916508|29761048.0|14364672.0|15396376.0
202504|MTRS12215|잠실나루|2호선|37.513311058774|127.10023101886301|35933260.0|17175285.0|18757975.0
202504|MTRS12216|잠실(송파구청)|2호선|37.513311058774|127.10023101886301|27568810.0|12068251.0|15500559.0
202504|MTRS12217|잠실새내|2호선|37.5116263587296|127.08631432791302|42973553.0|19355350.0|23618203.0
202504|MTRS12218|종합운동장|2호선|37.5111446632705|127.073849447402|19820560.0|10727001.0|9093559.0
202504|MTRS12220|선릉|2호선|37.5044973730232|127.04896282498602|36759777.0|16697195.0|20062582.0
202504|MTRS12221|역삼|2호선|37.5007162693593|127.03661820308899|15430188.0|8168258.0|7261930.0
202504|MTRS12222|강남|2호선|37.49808633653011|127.028001406275|80399725.0|37129933.0|43269792.0
202504|MTRS12224|서초|2호선|37.4918499338918|127.007662120039|13934698.0|7835996.0|6098702.0
202504|MTRS12225|방배|2호선|37.48145612681521|126.997553345516|7400729.0|3782484.0|3618245.0
202504|MTRS12226|사당|2호선|37.4765622323482|126.98155858357399|42126665.0|21862371.0|20264294.0
202504|MTRS12227|낙성대|2호선|37.477093240996496|126.96352390500101|9138622.0|4600117.0|4538505.0
202504|MTRS12228|서울대입구(관악구청)|2호선|37.4812845080678|126.95271319776198|14653169.0|7576155.0|7077014.0
202504|MTRS12229|봉천|2호선|37.4824725161034|126.941686527151|9513256.0|4747601.0|4765655.0
202504|MTRS12230|신림|2호선|37.4842671351404|126.929745374967|29703224.0|16031934.0|13671290.0
202504|MTRS12231|신대방|2호선|37.4876504610457|126.91350747615098|40698406.0|19616194.0|21082212.0
202504|MTRS12232|구로디지털단지|2호선|37.4852605752505|126.90147308003901|29521915.0|14827673.0|14694242.0
202504|MTRS12233|대림(구로구청)|2호선|37.4933099444417|126.894931036051|15526682.0|7445626.0|8081056.0
202504|MTRS12234|신도림|2호선|37.508222191535296|126.891610954076|32607101.0|15479251.0|17127850.0
202504|MTRS12234-4|까치산|2호선|37.53140601033271|126.84694828265701|12712337.0|6175082.0|6537255.0
202504|MTRS12235|문래|2호선|37.5179757181801|126.894778820701|11200472.0|5380839.0|5819633.0
202504|MTRS12236|영등포구청|2호선|37.52583053114021|126.89667739939|39228220.0|19822932.0|19405288.0
202504|MTRS12237|당산|2호선|37.5347843171332|126.902611795523|25659359.0|12959285.0|12700074.0
202504|MTRS12238|합정|2호선|37.54991315995171|126.914454065135|29943460.0|14447039.0|15496421.0
202504|MTRS12239|홍대입구|2호선|37.5568707448873|126.923778562273|79894265.0|29493221.0|50401044.0
202504|MTRS12240|신촌|2호선|37.5551981693664|126.93698075993801|29108889.0|12891213.0|16217676.0
202504|MTRS12241|이대|2호선|37.556814718869|126.94642954546602|40481588.0|16308368.0|24173220.0
202504|MTRS12242|아현|2호선|37.5574061779766|126.956146440089|12680668.0|5958894.0|6721774.0
202504|MTRS12244|용답|2호선|37.5621227767628|127.050889543675|6779894.0|3692135.0|3087759.0
202504|MTRS12245|신답|2호선|37.5698386846442|127.04708011736899|7189632.0|3688055.0|3501577.0
202504|MTRS12246|신설동|2호선|37.574804519200505|127.024918166399|40917282.0|19567869.0|21349413.0
202504|MTRS12247|도림천|2호선|37.514508041476105|126.882649092584|7112870.0|3536578.0|3576292.0
202504|MTRS12248|양천구청|2호선|37.51238887168079|126.86572236922902|7409430.0|3851363.0|3558067.0
202504|MTRS12249|신정네거리|2호선|37.5202231231721|126.85288956764198|13138304.0|6224187.0|6914117.0
202504|MTRS12250|용두(동대문구청)|2호선|37.57406212836461|127.038275698211|15156651.0|8023580.0|7133071.0
202504|MTRS13309|지축|3호선|37.6481486423031|126.913854269202|4618209.0|2548695.0|2069514.0
202504|MTRS13310|구파발|3호선|37.636435788914504|126.918852820009|6306630.0|3276762.0|3029868.0
202504|MTRS13311|연신내|3호선|37.61920324663531|126.92110070449601|48827110.0|23187530.0|25639580.0
202504|MTRS13312|불광|3호선|37.6100477979795|126.930315826401|19996796.0|9573733.0|10423063.0
202504|MTRS13313|녹번|3호선|37.6008067681825|126.93582800821702|6958742.0|3409255.0|3549487.0
202504|MTRS13314|홍제|3호선|37.58879538060881|126.944158007985|10254285.0|4778087.0|5476198.0
202504|MTRS13315|무악재|3호선|37.5825632263526|126.950230954136|5579054.0|2632772.0|2946282.0
202504|MTRS13316|독립문|3호선|37.5744662789866|126.957913711326|3933817.0|1936337.0|1997480.0
202504|MTRS13318|안국|3호선|37.5765019206052|126.985421432287|7706030.0|3822846.0|3883184.0
202504|MTRS13319|종로3가|3호선|37.5711402785938|126.991994361467|33464263.0|17089583.0|16374680.0
202504|MTRS13320|을지로3가|3호선|37.56627503501559|126.99265002436901|43481443.0|19810577.0|23670866.0
202504|MTRS13321|충무로|3호선|37.5612890978954|126.994207448462|26651309.0|10797203.0|15854106.0
202504|MTRS13322|동대입구|3호선|37.5590558192508|127.00531600900901|8043551.0|3657198.0|4386353.0
202504|MTRS13323|약수|3호선|37.554505399498396|127.010891666957|18762884.0|8870597.0|9892287.0
202504|MTRS13324|금호|3호선|37.5482609228741|127.01582916945299|16975188.0|7898180.0|9077008.0
202504|MTRS13325|옥수|3호선|37.5415662783673|127.01739378284601|19004393.0|8565178.0|10439215.0
202504|MTRS13326|압구정|3호선|37.5264912741692|127.02850865895799|21979383.0|9954427.0|12024956.0
202504|MTRS13327|신사|3호선|37.516435975314295|127.02030856272802|28775224.0|14212421.0|14562803.0
202504|MTRS13328|잠원|3호선|37.5128899169357|127.01141949142901|11122581.0|5712504.0|5410077.0
202504|MTRS13329|고속터미널|3호선|37.5045488555727|127.00512100872501|64539039.0|30813020.0|33726019.0
202504|MTRS13332|양재(서초구청)|3호선|37.4842706495453|127.03353421731501|12847032.0|6255712.0|6591320.0
202504|MTRS13333|매봉|3호선|37.4869394661317|127.046711448388|6383351.0|3159095.0|3224256.0
202504|MTRS13334|도곡|3호선|37.4909739816293|127.05549883513999|19651597.0|8391119.0|11260478.0
202504|MTRS13335|대치|3호선|37.49449665285821|127.06320340952898|8762718.0|4017223.0|4745495.0
202504|MTRS13336|학여울|3호선|37.4968851977644|127.07116659970701|6677238.0|3347533.0|3329705.0
202504|MTRS13337|대청|3호선|37.493708321480504|127.07952812085001|5979864.0|3051032.0|2928832.0
202504|MTRS13338|일원|3호선|37.483988668466594|127.08412975712798|5184281.0|2708018.0|2476263.0
202504|MTRS13339|수서|3호선|37.487560248798|127.102410530715|24733457.0|12393991.0|12339466.0
202504|MTRS13340|가락시장|3호선|37.4922493218664|127.11764173832002|21156626.0|12682739.0|8473887.0
202504|MTRS13341|경찰병원|3호선|37.4960049150853|127.124482397777|9053182.0|4592424.0|4460758.0
202504|MTRS13342|오금|3호선|37.50232208779381|127.128482807752|10632715.0|5388528.0|5244187.0
202504|MTRS14409|당고개|4호선|37.6702168353314|127.07906661931601|5300896.0|2689687.0|2611209.0
202504|MTRS14410|상계|4호선|37.660720544722|127.073421632239|11039727.0|5404527.0|5635200.0
202504|MTRS14411|노원|4호선|37.6563403513278|127.06344913745501|26798087.0|13027404.0|13770683.0
202504|MTRS14412|창동|4호선|37.6533706449195|127.04838841056|20236254.0|10263932.0|9972322.0
202504|MTRS14413|쌍문|4호선|37.6485426057036|127.03465609756|9945891.0|4731833.0|5214058.0
202504|MTRS14415|미아|4호선|37.6132783640057|127.03008663628499|43289731.0|20779958.0|22509773.0
202504|MTRS14416|미아사거리|4호선|37.6132783640057|127.03008663628499|21644866.0|10389979.0|11254887.0
202504|MTRS14417|길음|4호선|37.6033947823166|127.02506019737099|12009012.0|5513144.0|6495868.0
202504|MTRS14420|혜화|4호선|37.582043917871296|127.00194500977402|13088243.0|5696358.0|7391885.0
202504|MTRS14421|동대문|4호선|37.5709072753658|127.009313828405|246881751.0|92307118.0|154574633.0
202504|MTRS14422|동대문역사문화공원|4호선|37.5709072753658|127.009313828405|205734792.0|76922598.0|128812194.0
202504|MTRS14424|명동|4호선|37.5609652694384|126.986402350017|18242119.0|6406406.0|11835713.0
202504|MTRS14426|서울역|4호선|37.55320001733231|126.97280548509501|97046492.0|50126677.0|46919815.0
202504|MTRS14428|삼각지|4호선|37.5344393447708|126.972922951307|15172215.0|9276445.0|5895770.0
202504|MTRS14429|신용산|4호선|37.5292591489375|126.967965039183|33907913.0|17897698.0|16010215.0
202504|MTRS14430|이촌(국립중앙박물관)|4호선|37.31599451967911|126.838830354059|20706900.0|9673115.0|11033785.0
202504|MTRS14432|총신대입구(이수)|4호선|37.4867995957995|126.982211871752|14885869.0|7178594.0|7707275.0
202504|MTRS14433|사당|4호선|37.47759120709021|126.98169851997|44144240.0|23059465.0|21084775.0
202504|MTRS14434|남태령|4호선|37.4642499558525|126.989085267707|3359926.0|2378774.0|981152.0
202504|MTRS152511|방화|5호선|37.5776031994404|126.81281929667499|12416255.0|6335478.0|6080777.0
202504|MTRS152512|개화산|5호선|37.57253715052931|126.80681431497901|12447480.0|6848972.0|5598508.0
202504|MTRS152513|김포공항|5호선|37.5620998158066|126.801256806939|39505516.0|20696561.0|18808955.0
202504|MTRS152514|송정|5호선|37.5611612387718|126.81243034715399|6484529.0|3308562.0|3175967.0
202504|MTRS152515|마곡|5호선|37.560228637763|126.82469691791601|35309750.0|18689976.0|16619774.0
202504|MTRS152516|발산|5호선|37.55867774324161|126.837736406939|27922875.0|13949968.0|13972907.0
202504|MTRS152517|우장산|5호선|37.54881618721651|126.836326272135|9190377.0|4584783.0|4605594.0
202504|MTRS152518|화곡|5호선|37.5416507925709|126.84045502633498|11532065.0|5403029.0|6129036.0
202504|MTRS152519|까치산|5호선|37.5322306724471|126.846444264065|12782324.0|6178259.0|6604065.0
202504|MTRS152521|목동|5호선|37.52613511592351|126.86462527157498|36080877.0|16864734.0|19216143.0
202504|MTRS152522|오목교(목동운동장앞)|5호선|37.52613511592351|126.86462527157498|23958087.0|11305104.0|12652983.0
202504|MTRS152523|양평|5호선|37.5255796429707|126.886419282885|14666964.0|7683261.0|6983703.0
202504|MTRS152524|영등포구청|5호선|37.52422915830271|126.89532209425899|40446166.0|20535327.0|19910839.0
202504|MTRS152525|영등포시장|5호선|37.522709383885|126.905179566968|27620509.0|14304829.0|13315680.0
202504|MTRS152526|신길|5호선|37.5176677017212|126.914336937521|34943723.0|16751530.0|18192193.0
202504|MTRS152527|여의도|5호선|37.5217753947299|126.924397990207|27781940.0|15716748.0|12065192.0
202504|MTRS152528|여의나루|5호선|37.5271469489465|126.93298596744002|8384519.0|4122461.0|4262058.0
202504|MTRS152529|마포|5호선|37.5395540290891|126.945862572213|28506346.0|13716041.0|14790305.0
202504|MTRS152530|공덕|5호선|37.54454168975341|126.951451177648|67827592.0|29873339.0|37954253.0
202504|MTRS152531|애오개|5호선|37.5534131497489|126.95666936319701|8017265.0|4154577.0|3862688.0
202504|MTRS152533|서대문|5호선|37.565751936625|126.966637558508|13074787.0|6269669.0|6805118.0
202504|MTRS152535|종로3가(탑골공원)|5호선|37.5725894118196|126.99041767979001|30511260.0|16070038.0|14441222.0
202504|MTRS152536|을지로4가|5호선|37.5675250192617|126.99805955589702|29292058.0|12689338.0|16602720.0
202504|MTRS152537|동대문역사문화공원|5호선|37.56457700818879|127.00591618012399|97936836.0|34412610.0|63524226.0
202504|MTRS152538|청구|5호선|37.56021019369779|127.013943845279|17583386.0|8461545.0|9121841.0
202504|MTRS152539|신금호|5호선|37.554476192492196|127.02049316578301|16995292.0|8214721.0|8780571.0
202504|MTRS152540|행당|5호선|37.5573637818732|127.02951184051301|10062998.0|4639453.0|5423545.0
202504|MTRS152541|왕십리|5호선|37.56122174151909|127.036655378283|65031160.0|33146613.0|31884547.0
202504|MTRS152542|마장|5호선|37.5661389565959|127.04298485566301|7741865.0|3968904.0|3772961.0
202504|MTRS152543|답십리|5호선|37.5669748096511|127.052561276513|9856732.0|5149557.0|4707175.0
202504|MTRS152544|장한평|5호선|37.5616038910656|127.06370373106898|7435437.0|4202184.0|3233253.0
202504|MTRS152546|아차산(어린이대공원후문)|5호선|37.5522491707185|127.089564954479|23291483.0|10445748.0|12845735.0
202504|MTRS152549|강동|5호선|37.53588191452351|127.13239630031399|34824860.0|17686927.0|17137933.0
202504|MTRS152550|길동|5호선|37.537826487415906|127.140021295948|11419999.0|5747446.0|5672553.0
202504|MTRS152551|굽은다리(강동구민회관앞)|5호선|37.545517590222|127.142883873313|20099024.0|10119778.0|9979246.0
202504|MTRS152552|명일|5호선|37.5513978958277|127.14404374473999|10504111.0|4960730.0|5543381.0
202504|MTRS152553|고덕|5호선|37.5550476683092|127.15416500963401|9868441.0|4917192.0|4951249.0
202504|MTRS152554|상일동|5호선|37.5566778757215|127.16590575820902|9677290.0|4575617.0|5101673.0
202504|MTRS152555|둔촌동|5호선|37.5276568424723|127.13621464981398|11379902.0|5824306.0|5555596.0
202504|MTRS152557|방이|5호선|37.5087506251989|127.12609604698602|9107844.0|4359507.0|4748337.0
202504|MTRS152558|오금|5호선|37.5021388575469|127.12795321959601|10836543.0|5486573.0|5349970.0
202504|MTRS152559|개롱|5호선|37.49796827838821|127.135079598384|7028786.0|3455365.0|3573421.0
202504|MTRS152560|거여|5호선|37.4933304500736|127.143773841911|7622893.0|3589243.0|4033650.0
202504|MTRS152561|마천|5호선|37.4950381629493|127.15285986498502|7535794.0|3558048.0|3977746.0
202504|MTRS152562|강일|5호선|37.5574259795986|127.175680183486|5799052.0|2767537.0|3031515.0
202504|MTRS152563|미사|5호선|37.562991348199|127.192490980441|12988152.0|6288368.0|6699784.0
202504|MTRS152564|하남풍산|5호선|37.5522898049699|127.204006631381|7682464.0|3837245.0|3845219.0
202504|MTRS152565|하남시청(덕풍·신장)|5호선|37.5419775122576|127.20629816220298|16999230.0|8620425.0|8378805.0
202504|MTRS152566|하남검단산역|5호선|37.5398032640088|127.22321933731702|6014101.0|2953134.0|3060967.0
202504|MTRS162611|응암|6호선|37.5984928632876|126.915539920904|11932186.0|5753673.0|6178513.0
202504|MTRS162612|역촌|6호선|37.6060390534435|126.92296794632702|17308595.0|8427541.0|8881054.0
202504|MTRS162613|불광|6호선|37.610207257886806|126.92998576212999|20462636.0|9796389.0|10666247.0
202504|MTRS162614|독바위|6호선|37.6184141599944|126.933053652461|4007639.0|1939733.0|2067906.0
202504|MTRS162615|연신내|6호선|37.6124910157349|127.104271439503|70256172.0|35834144.0|34422028.0
202504|MTRS162616|구산|6호선|37.6112466914843|126.917259477152|9329680.0|4230534.0|5099146.0
202504|MTRS162617|새절(신사)|6호선|37.5908600479967|126.913580663181|8214841.0|4193184.0|4021657.0
202504|MTRS162619|디지털미디어시티|6호선|37.5760137471882|126.901277784156|25641889.0|13417393.0|12224496.0
202504|MTRS162621|마포구청|6호선|37.5634871865932|126.903425598797|19484129.0|9345410.0|10138719.0
202504|MTRS162622|망원|6호선|37.5560826563712|126.910094329982|9204027.0|4164248.0|5039779.0
202504|MTRS162623|합정|6호선|37.5492591944858|126.913190884167|27243816.0|13504586.0|13739230.0
202504|MTRS162624|상수|6호선|37.5477661836639|126.922429893215|11571287.0|5906325.0|5664962.0
202504|MTRS162626|대흥(서강대앞)|6호선|37.5476479056751|126.94247318873401|11416838.0|5725438.0|5691400.0
202504|MTRS162627|공덕|6호선|37.543526917067|126.951947569181|74658208.0|33383703.0|41274505.0
202504|MTRS162628|효창공원앞|6호선|37.5393087503306|126.96139810074999|19515736.0|9391560.0|10124176.0
202504|MTRS162629|삼각지|6호선|37.5356072956409|126.97405396269201|10761976.0|6700980.0|4060996.0
202504|MTRS162630|녹사평(용산구청)|6호선|37.5347227952064|126.9865496751|6012754.0|3524672.0|2488082.0
202504|MTRS162631|이태원|6호선|37.5345252050511|126.994333861918|8428994.0|4665742.0|3763252.0
202504|MTRS162632|한강진|6호선|37.53979077437751|127.00176513517602|6542145.0|3395178.0|3146967.0
202504|MTRS162633|버티고개|6호선|37.5478275106099|127.00673086610101|3132032.0|1538188.0|1593844.0
202504|MTRS162634|약수|6호선|37.553925222662606|127.010153707232|18539057.0|8736702.0|9802355.0
202504|MTRS162636|신당|6호선|37.5660925148616|127.016175905934|29437961.0|14496199.0|14941762.0
202504|MTRS162637|동묘앞|6호선|37.5721715926337|127.015725557994|30573634.0|13982536.0|16591098.0
202504|MTRS162638|창신|6호선|37.5794147439366|127.015296884653|6381912.0|2948504.0|3433408.0
202504|MTRS162639|보문|6호선|37.585541696968|127.02000351593298|16882793.0|8854298.0|8028495.0
202504|MTRS162644|돌곶이|6호선|37.6105450141613|127.056438124632|8073038.0|3996456.0|4076582.0
202504|MTRS162645|석계|6호선|37.6151491167469|127.06670330109301|17753965.0|8948863.0|8805102.0
202504|MTRS162646|태릉입구|6호선|37.6185137762138|127.07536842973099|23788817.0|11599297.0|12189520.0
202504|MTRS162649|신내|6호선|37.6124910157349|127.104271439503|70256172.0|35834144.0|34422028.0
202504|MTRS172711|장암|7호선|37.699956566426|127.05281831057802|2208518.0|1439907.0|768611.0
202504|MTRS172712|도봉산|7호선|37.689630465003205|127.046425596353|13326457.0|7076090.0|6250367.0
202504|MTRS172713|수락산|7호선|37.6778814656816|127.055350968781|6994676.0|3546459.0|3448217.0
202504|MTRS172714|마들|7호선|37.6652017465321|127.05771261986898|8171876.0|4111750.0|4060126.0
202504|MTRS172715|노원|7호선|37.6545110763411|127.060555564564|27668331.0|13719756.0|13948575.0
202504|MTRS172716|중계|7호선|37.6450921230569|127.06411035896|8944703.0|4197380.0|4747323.0
202504|MTRS172717|하계|7호선|37.6364765391858|127.06799127875802|9675748.0|4571131.0|5104617.0
202504|MTRS172719|태릉입구|7호선|37.61845951319901|127.075405300578|23831098.0|11633097.0|12198001.0
202504|MTRS172720|먹골|7호선|37.61061938461971|127.07776218796799|8998362.0|4296857.0|4701505.0
202504|MTRS172721|중화|7호선|37.6025526943256|127.079312037122|8982657.0|4515050.0|4467607.0
202504|MTRS172722|상봉(시외버스터미널)|7호선|37.5967093285386|127.085741817289|24044346.0|12254645.0|11789701.0
202504|MTRS172723|면목|7호선|37.5887148877725|127.087503803859|9373971.0|4610837.0|4763134.0
202504|MTRS172724|사가정|7호선|37.5809403751459|127.08850455421201|10240828.0|4922888.0|5317940.0
202504|MTRS172725|용마산|7호선|37.5736679749247|127.086719825078|7559157.0|3831991.0|3727166.0
202504|MTRS172726|중곡|7호선|37.5659220611595|127.084312366322|7260196.0|3459835.0|3800361.0
202504|MTRS172728|어린이대공원(세종대)|7호선|37.5479608762251|127.07465525507402|17448117.0|9119270.0|8328847.0
202504|MTRS172729|건대입구|7호선|37.5408686005702|127.07110428445799|26778177.0|12982043.0|13796134.0
202504|MTRS172730|뚝섬유원지|7호선|37.5315583755646|127.066796230331|6932210.0|3228478.0|3703732.0
202504|MTRS172731|청담|7호선|37.519455579961|127.053717937903|8118579.0|4030775.0|4087804.0
202504|MTRS172732|강남구청|7호선|37.5172161719785|127.04131094621602|30026331.0|14755431.0|15270900.0
202504|MTRS172733|학동|7호선|37.5143457873493|127.031901900632|10401219.0|5335309.0|5065910.0
202504|MTRS172734|논현|7호선|37.511200002052696|127.02165424259901|38650216.0|19316421.0|19333795.0
202504|MTRS172735|반포|7호선|37.50816142902839|127.011586161943|45951564.0|23200084.0|22751480.0
202504|MTRS172736|고속터미널|7호선|37.5033865633062|127.00500783460902|61761691.0|29223887.0|32537804.0
202504|MTRS172737|내방|7호선|37.4876585212369|126.993600180589|9871036.0|4909732.0|4961304.0
202504|MTRS172738|총신대입구(이수)|7호선|37.4852885231177|126.981676290352|14459666.0|7256658.0|7203008.0
202504|MTRS172739|남성|7호선|37.4847935112997|126.97091020065301|7618879.0|3780419.0|3838460.0
202504|MTRS172741|상도|7호선|37.5028706251049|126.947917975554|11553772.0|5456095.0|6097677.0
202504|MTRS172742|장승배기|7호선|37.50489906218141|126.939072381356|7871651.0|4059306.0|3812345.0
202504|MTRS172743|신대방삼거리|7호선|37.4997572289086|126.92821094567002|40752505.0|20385484.0|20367021.0
202504|MTRS172744|보라매|7호선|37.4999208549651|126.92061230710898|39421824.0|20331787.0|19090037.0
202504|MTRS172745|신풍|7호선|37.5001229935524|126.90975434386002|9520692.0|4581311.0|4939381.0
202504|MTRS172746|대림(구로구청)|7호선|37.4928430008915|126.89672285804201|15610349.0|7443259.0|8167090.0
202504|MTRS172747|남구로|7호선|37.4862571443826|126.887415051603|21272164.0|10862352.0|10409812.0
202504|MTRS172748|가산디지털단지|7호선|37.48039596609821|126.882661758356|29211007.0|16722233.0|12488774.0
202504|MTRS172749|철산|7호선|37.4761928424537|126.868211027014|10802027.0|5317012.0|5485015.0
202504|MTRS172750|광명사거리|7호선|37.4792983082726|126.854873735158|20700523.0|10074958.0|10625565.0
202504|MTRS172751|천왕|7호선|37.486855582777395|126.83860534807998|5582770.0|2948949.0|2633821.0
202504|MTRS182811|암사|8호선|37.550158180965|127.127540729685|23873858.0|11665765.0|12208093.0
202504|MTRS182813|강동구청|8호선|37.530211198352205|127.12044373032|16629043.0|7972533.0|8656510.0
202504|MTRS182815|잠실(송파구청)|8호선|37.5143121584933|127.103270523629|36048696.0|16760607.0|19288089.0
202504|MTRS182816|석촌|8호선|37.50541412169251|127.107004062699|35440047.0|16623700.0|18816347.0
202504|MTRS182817|송파|8호선|37.4997149535067|127.11219350636301|37995197.0|17447296.0|20547901.0
202504|MTRS182818|가락시장|8호선|37.4930992522183|127.118262745146|21231564.0|12733780.0|8497784.0
202504|MTRS182819|문정|8호선|37.4860310539381|127.122484886901|11767848.0|6346400.0|5421448.0
202504|MTRS182820|장지|8호선|37.47863169330989|127.12617656737|10786960.0|5739717.0|5047243.0
202504|MTRS182821|복정|8호선|37.4707418689753|127.12672400973598|10158876.0|6929994.0|3228882.0
202504|MTRS182822|산성|8호선|37.456881468719|127.14994186233601|38305155.0|18335329.0|19969826.0
202504|MTRS182823|남한산성입구(성남법원·검찰청)|8호선|37.456881468719|127.14994186233601|38305155.0|18335329.0|19969826.0
202504|MTRS182824|단대오거리|8호선|37.445022488947|127.156769790167|15042151.0|7401699.0|7640452.0
202504|MTRS182825|신흥|8호선|37.4409230460675|127.147538132656|20776002.0|10216901.0|10559101.0
202504|MTRS182826|수진|8호선|37.437377978720605|127.140534508419|23566582.0|11945600.0|11620982.0
202504|MTRS182827|모란|8호선|37.43403828962771|127.129970457799|28605912.0|14962123.0|13643789.0
202504|MTRS182828|남위례|8호선|37.4627230752808|127.139350997519|4176420.0|2318683.0|1857737.0
202504|MTRS990901|개화|9호선|37.57834451487971|126.79689136260201|2797482.0|2127574.0|669908.0
202504|MTRS990902|김포공항|9호선|37.5619675723229|126.801913619888|40083354.0|21256203.0|18827151.0
202504|MTRS990903|공항시장|9호선|37.5636892280077|126.81060964296601|6163570.0|3056252.0|3107318.0
202504|MTRS990904|신방화|9호선|37.5674874566963|126.81723757151002|14407649.0|6931483.0|7476166.0
202504|MTRS990905|마곡나루|9호선|37.5667126094974|126.82742092842402|25393667.0|14317177.0|11076490.0
202504|MTRS990906|양천향교|9호선|37.5680808809647|126.84197883532802|7131399.0|3926663.0|3204736.0
202504|MTRS990907|가양|9호선|37.5614331171988|126.854421426159|10636720.0|5287691.0|5349029.0
202504|MTRS990908|증미|9호선|37.5581330599033|126.86063675501|9427374.0|4800380.0|4626994.0
202504|MTRS990909|등촌|9호선|37.5507289803289|126.86557100595398|9794653.0|4822450.0|4972203.0
202504|MTRS990910|염창|9호선|37.546982941543|126.87487160397099|8183832.0|4131964.0|4051868.0
202504|MTRS990911|신목동|9호선|37.5442883741577|126.88309579025201|7323024.0|3986549.0|3336475.0
202504|MTRS990912|선유도|9호선|37.5381586560655|126.89333386450201|9630792.0|5064266.0|4566526.0
202504|MTRS990913|당산|9호선|37.5337892432802|126.902165052778|27967834.0|13875828.0|14092006.0
202504|MTRS990914|국회의사당|9호선|37.5281465047706|126.91783895106002|17139737.0|9152614.0|7987123.0
202504|MTRS990915|여의도|9호선|37.5211700890445|126.92466104293001|26864491.0|15056718.0|11807773.0
202504|MTRS990916|샛강|9호선|37.5173728700904|126.92837505913198|23775001.0|12257160.0|11517841.0
202504|MTRS990917|노량진|9호선|37.5135856714992|126.94089317977699|24365499.0|13723370.0|10642129.0
202504|MTRS990918|노들|9호선|37.5126721234205|126.953096069577|6096244.0|3162574.0|2933670.0
202504|MTRS990919|흑석(중앙대입구)|9호선|37.5091654719404|126.963463063008|8257087.0|3782822.0|4474265.0
202504|MTRS990921|구반포|9호선|37.5014398319603|126.98746490569602|10061419.0|6876506.0|3184913.0
202504|MTRS990922|신반포|9호선|37.5035091412544|126.996082392175|22988475.0|10812556.0|12175919.0
202504|MTRS990923|고속터미널|9호선|37.50598148994829|127.004211793489|69392613.0|32227282.0|37165331.0
202504|MTRS990924|사평|9호선|37.5042326273953|127.01527248453098|26502284.0|12531887.0|13970397.0
202504|MTRS990925|신논현|9호선|37.504811111562|127.025492036104|40692582.0|17670154.0|23022428.0
202504|MTRS99926|언주|9호선|37.5073353959717|127.03397092159499|11539008.0|5693119.0|5845889.0
202504|MTRS99927|선정릉|9호선|37.5103243170966|127.04401488586198|30464544.0|14396035.0|16068509.0
202504|MTRS99928|삼성중앙|9호선|37.5129614511319|127.05304367691198|16420603.0|8329480.0|8091123.0
202504|MTRS99929|봉은사|9호선|37.5142554489848|127.06023393511401|13446792.0|6945251.0|6501541.0
202504|MTRS99930|종합운동장|9호선|37.5114097871778|127.076324485585|24985043.0|12635504.0|12349539.0
202504|MTRS99931|삼전|9호선|37.5045490970565|127.08736363126398|10049869.0|5099972.0|4949897.0
202504|MTRS99932|석촌고분|9호선|37.5024624599437|127.096508185802|57852074.0|28432295.0|29419779.0
202504|MTRS99933|석촌|9호선|37.5024624599437|127.096508185802|57852074.0|28432295.0|29419779.0
202504|MTRS99934|송파나루|9호선|37.51101671275259|127.11266171422001|20323169.0|9667869.0|10655300.0
202504|MTRS99935|한성백제|9호선|37.5165379932802|127.11644916997102|7350417.0|3525291.0|3825126.0
202504|MTRS99937|둔촌오륜|9호선|37.5194080372613|127.138652069629|5821876.0|2800555.0|3021321.0
202504|MTRS99938|중앙보훈병원|9호선|37.5284025899704|127.148411678136|6873418.0|3657200.0|3216218.0
202504|MTRSLL1S401|샛강|신림선|37.5171662943088|126.92946342767202|23205137.0|12055256.0|11149881.0
202504|MTRSLL1S402|대방|신림선|37.5128137623052|126.92541596221301|40911694.0|19621850.0|21289844.0
202504|MTRSLL1S403|서울지방병무청|신림선|37.5060553927614|126.922713971785|9212697.0|4705232.0|4507465.0
202504|MTRSLL1S404|보라매|신림선|37.5003072682843|126.920436608423|94266754.0|47048345.0|47218409.0
202504|MTRSLL1S405|보라매공원|신림선|37.5003072682843|126.920436608423|48074389.0|24229888.0|23844501.0
202504|MTRSLL1S406|보라매병원|신림선|37.5003072682843|126.920436608423|54162163.0|27225798.0|26936365.0
202504|MTRSLL1S407|당곡|신림선|37.490223280126|126.927560844494|10716328.0|5458887.0|5257441.0
202504|MTRSLL1S408|신림|신림선|37.4848815538296|126.92962947149302|30254653.0|16391903.0|13862750.0
202504|MTRSLL1S409|서원|신림선|37.4782386357719|126.93310993651|7994029.0|4032330.0|3961699.0
202504|MTRSLL1S410|서울대벤처타운|신림선|37.4720023242775|126.93395995838802|6521214.0|3511649.0|3009565.0
202504|MTRSLL1S411|관악산(서울대)|신림선|37.4690860478461|126.94509952208001|3526298.0|2064079.0|1462219.0
202504|MTRSWWSS16|소사|서해선|37.48290563494729|126.795060577133|9091527.0|4348132.0|4743395.0
202504|MTRSWWSS22|시흥시청|서해선|37.38156161941|126.80594809695701|4862460.0|2878936.0|1983524.0
202504|MTRSWWSS23|시흥능곡|서해선|37.3699465347315|126.808721340419|8988278.0|4605893.0|4382385.0
202504|MTRSWWSS26|초지|서해선|37.319743406986696|126.807842296925|3890719.0|2076762.0|1813957.0
202504|MTRSWWSS28|원시|서해선|37.3026237626179|126.786793532374|2582823.0|1915777.0|667046.0
202504|MTRUIUIS110|북한산우이|우이신설|37.66288704048|127.01275713087601|2450081.0|1268380.0|1181701.0
202504|MTRUIUIS111|솔밭공원|우이신설|37.6559782562487|127.013268181236|4136889.0|1987199.0|2149690.0
202504|MTRUIUIS112|4.19민주묘지|우이신설|37.6495307746374|127.01369763482002|4532663.0|1965762.0|2566901.0
202504|MTRUIUIS113|가오리|우이신설|37.64154405722329|127.016768968398|14394058.0|6738915.0|7655143.0
202504|MTRUIUIS114|화계|우이신설|37.6340873974011|127.017510491529|7622023.0|3564001.0|4058022.0
202504|MTRUIUIS115|삼양|우이신설|37.62691905392829|127.01815678070501|29514101.0|14321345.0|15192756.0
202504|MTRUIUIS116|삼양사거리|우이신설|37.62691905392829|127.01815678070501|29514101.0|14321345.0|15192756.0
202504|MTRUIUIS117|솔샘|우이신설|37.620259575206596|127.01355180603701|6866381.0|3412918.0|3453463.0
202504|MTRUIUIS118|북한산보국문|우이신설|37.6121367531121|127.008263392003|6127815.0|2965410.0|3162405.0
202504|MTRUIUIS119|정릉|우이신설|37.602614606648|127.01353954505602|26063572.0|12612247.0|13451325.0
202504|MTRUIUIS120|성신여대입구|우이신설|37.5923825668685|127.01654958961602|26988473.0|12172646.0|14815827.0
202504|MTRUIUIS121|보문|우이신설|37.5850444246949|127.019550510271|17629763.0|9213354.0|8416409.0
202504|MTRUIUIS122|신설동|우이신설|37.576550995373594|127.02320708440598|37368771.0|17539315.0|19829456.0
202504|MTRULU10111|회룡|의정부|37.724995253798305|127.047069262756|9137638.0|4414039.0|4723599.0
202504|MTRULU10113|경전철의정부|의정부|37.7372643130628|127.04330596630999|9613213.0|4865272.0|4747941.0
202504|MTRULU10114|의정부시청|의정부|37.739234834508004|127.034848091039|11733614.0|6080026.0|5653588.0
202504|MTRULU10117|의정부중앙|의정부|37.74368031656031|127.049649812523|19433496.0|9840746.0|9592750.0
202504|MTRICI1126|인천터미널|인천1호선|37.4761667120828|126.61682219568799|16273300.0|8376894.0|7896406.0
202504|MTRICI1136|인천대입구|인천1호선|37.4761667120828|126.61682219568799|15936967.0|8861252.0|7075715.0
202504|MTRKR1160|동인천|1호선|37.4761667120828|126.61682219568799|30218913.0|15914990.0|14303923.0
202504|MTRKR1161|인천|1호선|37.4761667120828|126.61682219568799|174699411.0|87897661.0|86801750.0
